{"content":[{"id":"606e00cc","settings":{"height":"min-height","custom_height":{"unit":"vh","size":90,"sizes":[]},"custom_height_tablet":{"unit":"vh","size":"","sizes":[]},"custom_height_mobile":{"unit":"vh","size":"","sizes":[]},"column_position":"stretch","structure":"20","background_background":"classic","background_image":{"url":"http:\/\/tykit.rometheme.pro\/credice\/wp-content\/uploads\/sites\/66\/2022\/05\/bg1.2.jpg","id":238,"alt":"","source":"library"},"background_position":"center center","background_size":"cover","background_overlay_background":"classic","background_overlay_image":{"url":"http:\/\/tykit.rometheme.pro\/credice\/wp-content\/uploads\/sites\/66\/2022\/05\/bgs1.1.png","id":28,"alt":"","source":"library"},"background_overlay_position":"top left","background_overlay_repeat":"no-repeat","background_overlay_size":"initial","background_overlay_bg_width":{"unit":"vw","size":25,"sizes":[]},"_title":"Home Hero Section","overflow":"hidden","background_position_tablet":"center center","background_overlay_bg_width_tablet":{"unit":"px","size":665,"sizes":[]},"background_overlay_bg_width_mobile":{"unit":"px","size":231,"sizes":[]},"reverse_order_tablet":"reverse-tablet","reverse_order_mobile":"reverse-mobile"},"elements":[{"id":"1cf35b6d","settings":{"_column_size":50,"_inline_size":null,"content_position":"center","padding":{"unit":"em","top":"1","right":"1","bottom":"1","left":"1","isLinked":true},"padding_tablet":{"unit":"em","top":"","right":"","bottom":"","left":"","isLinked":true},"padding_mobile":{"unit":"em","top":"","right":"","bottom":"","left":"","isLinked":true},"animation":"fadeInLeft","animation_delay":100,"_inline_size_tablet":100,"margin_tablet":{"unit":"%","top":"0","right":"0","bottom":"10","left":"0","isLinked":false},"margin_mobile":{"unit":"%","top":"","right":"","bottom":"","left":"","isLinked":true}},"elements":[{"id":"6dadbaef","settings":{"title":"Security is a priority, not an option","align":"left","__globals__":{"title_color":"globals\/colors?id=ca42620","typography_typography":"globals\/typography?id=ce6e115"},"header_size":"h6","align_tablet":"center"},"elements":[],"isInner":false,"widgetType":"heading","elType":"widget"},{"id":"3dcfbc57","settings":{"title":"Be prepared cause the future isn\u2019t always crystal clear.","header_size":"h1","align":"left","__globals__":{"title_color":"globals\/colors?id=ca42620","typography_typography":"globals\/typography?id=89aa5e9"},"align_tablet":"center"},"elements":[],"isInner":false,"widgetType":"heading","elType":"widget"},{"id":"6765f695","settings":{"__globals__":{"text_color":"globals\/colors?id=ca42620","typography_typography":"globals\/typography?id=text"},"align_tablet":"center"},"elements":[],"isInner":false,"widgetType":"text-editor","elType":"widget"},{"id":"41ba2fa3","settings":{"text":"let's talk","selected_icon":{"value":"fas fa-phone-alt","library":"fa-solid"},"icon_indent":{"unit":"px","size":10,"sizes":[]},"_element_width":"auto","__globals__":{"hover_color":"globals\/colors?id=ca42620","button_background_hover_color":"globals\/colors?id=8fe369a"},"_padding_tablet":{"unit":"em","top":"0","right":"0","bottom":"0","left":"10","isLinked":false},"_padding_mobile":{"unit":"em","top":"0","right":"0","bottom":"0","left":"6","isLinked":false}},"elements":[],"isInner":false,"widgetType":"button","elType":"widget"},{"id":"176c99c9","settings":{"text":"find an agent","selected_icon":{"value":"fas fa-user","library":"fa-solid"},"icon_indent":{"unit":"px","size":10,"sizes":[]},"background_color":"#02010100","button_background_hover_color":"#02010100","hover_animation":"grow","_element_width":"auto","__globals__":{"hover_color":"","button_background_hover_color":"globals\/colors?id=4533bc1","background_color":"globals\/colors?id=4533bc1"},"_padding_mobile":{"unit":"em","top":"0","right":"0","bottom":"0","left":"5","isLinked":false}},"elements":[],"isInner":false,"widgetType":"button","elType":"widget"}],"isInner":false,"elType":"column"},{"id":"47a67eb6","settings":{"_column_size":50,"_inline_size":null,"content_position":"center","background_background":"classic","background_overlay_background":"classic","background_overlay_image":{"url":"http:\/\/tykit.rometheme.pro\/credice\/wp-content\/uploads\/sites\/66\/2022\/05\/bgs1.png","id":26,"alt":"","source":"library"},"background_overlay_position":"center right","background_overlay_repeat":"no-repeat","background_overlay_size":"initial","background_overlay_bg_width":{"unit":"%","size":40,"sizes":[]},"padding":{"unit":"em","top":"1","right":"1","bottom":"1","left":"1","isLinked":true},"padding_tablet":{"unit":"em","top":"9","right":"3","bottom":"1","left":"3","isLinked":false},"padding_mobile":{"unit":"em","top":"","right":"","bottom":"","left":"","isLinked":true},"animation":"fadeInRight","_inline_size_tablet":100,"background_overlay_position_tablet":"center right","background_overlay_bg_width_tablet":{"unit":"px","size":239,"sizes":[]},"background_overlay_bg_width_mobile":{"unit":"px","size":124,"sizes":[]}},"elements":[{"id":"13abc05","settings":{"carousel":[{"id":22,"url":"http:\/\/tykit.rometheme.pro\/credice\/wp-content\/uploads\/sites\/66\/2022\/05\/happy-father-s-day-2022-05-26-22-31-28-utc.jpg"},{"id":23,"url":"http:\/\/tykit.rometheme.pro\/credice\/wp-content\/uploads\/sites\/66\/2022\/05\/senior-woman-after-vaccination-2021-09-02-03-07-28-utc.jpg"},{"id":24,"url":"http:\/\/tykit.rometheme.pro\/credice\/wp-content\/uploads\/sites\/66\/2022\/05\/smiling-african-boy-doing-homework-with-mom-2022-02-01-22-37-03-utc.jpg"}],"thumbnail_size":"full","slides_to_show":"1","image_stretch":"yes","navigation":"none","effect":"fade","speed":1000,"image_border_radius":{"unit":"px","top":"1","right":"1","bottom":"1","left":"1","isLinked":true},"_margin":{"unit":"px","top":"","right":"","bottom":"","left":"","isLinked":false},"pause_on_hover":"no","pause_on_interaction":"no","slides_to_show_tablet":"1"},"elements":[],"isInner":false,"widgetType":"image-carousel","elType":"widget"}],"isInner":false,"elType":"column"}],"isInner":false,"elType":"section"},{"id":"254bc03d","settings":{"background_overlay_background":"classic","background_overlay_image":{"url":"","id":"","alt":"","source":"library"},"margin":{"unit":"%","top":"-4","right":0,"bottom":"0","left":0,"isLinked":false},"margin_tablet":{"unit":"%","top":"0","right":0,"bottom":"0","left":0,"isLinked":false},"margin_mobile":{"unit":"%","top":"","right":"","bottom":"","left":"","isLinked":true},"padding":{"unit":"em","top":"0","right":"1","bottom":"0","left":"1","isLinked":false},"padding_tablet":{"unit":"em","top":"0","right":"1","bottom":"0","left":"1","isLinked":false},"padding_mobile":{"unit":"em","top":"","right":"","bottom":"","left":"","isLinked":true},"z_index":1,"_title":"Counter Section","overflow":"hidden"},"elements":[{"id":"62a3beff","settings":{"_column_size":100,"_inline_size":null,"margin":{"unit":"%","top":"0","right":"45","bottom":"0","left":"0","isLinked":false},"margin_tablet":{"unit":"%","top":"0","right":"0","bottom":"0","left":"0","isLinked":false},"margin_mobile":{"unit":"%","top":"","right":"","bottom":"","left":"","isLinked":true},"padding":{"unit":"em","top":"0","right":"1","bottom":"0","left":"1","isLinked":false},"padding_tablet":{"unit":"em","top":"","right":"","bottom":"","left":"","isLinked":true},"padding_mobile":{"unit":"em","top":"","right":"","bottom":"","left":"","isLinked":true}},"elements":[{"id":"38c06865","settings":{"structure":"30","background_background":"classic","background_overlay_background":"classic","background_overlay_image":{"url":"","id":"","alt":"","source":"library"},"background_overlay_position":"center center","background_overlay_size":"cover","background_overlay_opacity":{"unit":"px","size":0.05,"sizes":[]},"__globals__":{"background_color":"globals\/colors?id=primary"},"animation":"fadeInLeft","animation_delay":200},"elements":[{"id":"12a83a02","settings":{"_column_size":33,"_inline_size":null,"padding":{"unit":"em","top":"2","right":"2","bottom":"2","left":"2","isLinked":true},"padding_tablet":{"unit":"em","top":"","right":"","bottom":"","left":"","isLinked":true},"padding_mobile":{"unit":"em","top":"","right":"","bottom":"","left":"","isLinked":true},"_inline_size_mobile":50},"elements":[{"id":"11197045","settings":{"ending_number":2578,"title":"Happy Costumer","__globals__":{"typography_number_typography":"globals\/typography?id=9b2799d","typography_title_typography":"globals\/typography?id=05ac879","number_color":"globals\/colors?id=ca42620","title_color":"globals\/colors?id=ca42620"}},"elements":[],"isInner":false,"widgetType":"counter","elType":"widget"}],"isInner":true,"elType":"column"},{"id":"5071c4df","settings":{"_column_size":33,"_inline_size":null,"padding":{"unit":"em","top":"2","right":"2","bottom":"2","left":"2","isLinked":true},"padding_tablet":{"unit":"em","top":"","right":"","bottom":"","left":"","isLinked":true},"padding_mobile":{"unit":"em","top":"","right":"","bottom":"","left":"","isLinked":true},"_inline_size_mobile":50},"elements":[{"id":"2cdc8e54","settings":{"ending_number":2500,"suffix":"+","title":"Client","__globals__":{"typography_number_typography":"globals\/typography?id=9b2799d","typography_title_typography":"globals\/typography?id=05ac879","number_color":"globals\/colors?id=ca42620","title_color":"globals\/colors?id=ca42620"}},"elements":[],"isInner":false,"widgetType":"counter","elType":"widget"}],"isInner":true,"elType":"column"},{"id":"10ecfb93","settings":{"_column_size":33,"_inline_size":null,"margin":{"unit":"%","top":"0","right":"0","bottom":"0","left":"0","isLinked":false},"margin_tablet":{"unit":"%","top":"","right":"","bottom":"","left":"","isLinked":true},"margin_mobile":{"unit":"%","top":"","right":"","bottom":"","left":"","isLinked":true},"padding":{"unit":"em","top":"2","right":"2","bottom":"2","left":"2","isLinked":true},"padding_tablet":{"unit":"em","top":"","right":"","bottom":"","left":"","isLinked":true},"padding_mobile":{"unit":"em","top":"","right":"","bottom":"","left":"","isLinked":true}},"elements":[{"id":"26495459","settings":{"ending_number":50,"suffix":"+","title":"Branch Office","__globals__":{"typography_number_typography":"globals\/typography?id=9b2799d","typography_title_typography":"globals\/typography?id=05ac879","number_color":"globals\/colors?id=ca42620","title_color":"globals\/colors?id=ca42620"}},"elements":[],"isInner":false,"widgetType":"counter","elType":"widget"}],"isInner":true,"elType":"column"}],"isInner":true,"elType":"section"}],"isInner":false,"elType":"column"}],"isInner":false,"elType":"section"},{"id":"66794184","settings":{"structure":"20","padding":{"unit":"em","top":"6","right":"1","bottom":"6","left":"1","isLinked":false},"padding_tablet":{"unit":"em","top":"","right":"","bottom":"","left":"","isLinked":true},"padding_mobile":{"unit":"em","top":"","right":"","bottom":"","left":"","isLinked":true},"background_background":"classic","background_image":{"url":"http:\/\/tykit.rometheme.pro\/credice\/wp-content\/uploads\/sites\/66\/2022\/05\/bgs2.1.png","id":47,"alt":"","source":"library"},"background_position":"center left","background_repeat":"no-repeat","background_size":"initial","background_bg_width":{"unit":"vw","size":15,"sizes":[]},"background_overlay_background":"classic","background_overlay_image":{"url":"http:\/\/tykit.rometheme.pro\/credice\/wp-content\/uploads\/sites\/66\/2022\/05\/bgs2.2.png","id":48,"alt":"","source":"library"},"background_overlay_position":"bottom right","background_overlay_repeat":"no-repeat","background_overlay_size":"initial","background_overlay_bg_width":{"unit":"vw","size":15,"sizes":[]},"background_overlay_opacity":{"unit":"px","size":0.15,"sizes":[]},"_title":"About Section","background_bg_width_tablet":{"unit":"px","size":200,"sizes":[]},"background_bg_width_mobile":{"unit":"px","size":125,"sizes":[]},"background_overlay_bg_width_tablet":{"unit":"px","size":150,"sizes":[]},"background_overlay_bg_width_mobile":{"unit":"px","size":95,"sizes":[]},"overflow":"hidden"},"elements":[{"id":"3274dbe6","settings":{"_column_size":50,"_inline_size":null,"padding":{"unit":"em","top":"1","right":"1","bottom":"1","left":"1","isLinked":true},"padding_tablet":{"unit":"em","top":"2","right":"2","bottom":"2","left":"2","isLinked":true},"padding_mobile":{"unit":"em","top":"","right":"","bottom":"","left":"","isLinked":true},"_inline_size_tablet":100},"elements":[{"id":"25737995","settings":{"image":{"url":"http:\/\/tykit.rometheme.pro\/credice\/wp-content\/uploads\/sites\/66\/2022\/05\/happy-family-celebrating-moving-day-in-new-apartme-2022-01-05-01-36-43-utc.jpg","id":43,"alt":"","source":"library"},"image_size":"full","align":"left","width":{"unit":"%","size":85,"sizes":[]},"_animation":"fadeInUp"},"elements":[],"isInner":false,"widgetType":"image","elType":"widget"},{"id":"1dc67500","settings":{"image":{"url":"http:\/\/tykit.rometheme.pro\/credice\/wp-content\/uploads\/sites\/66\/2022\/05\/happy-grandparent-playing-having-fun-with-grandch-2022-01-18-23-34-18-utc.jpg","id":72,"alt":"","source":"library"},"image_size":"full","align":"right","width":{"unit":"%","size":45,"sizes":[]},"_margin":{"unit":"%","top":"-25","right":"0","bottom":"0","left":"0","isLinked":false},"_margin_tablet":{"unit":"%","top":"","right":"","bottom":"","left":"","isLinked":true},"_margin_mobile":{"unit":"%","top":"","right":"","bottom":"","left":"","isLinked":true},"_z_index":1,"_animation":"fadeInLeft","_animation_delay":100},"elements":[],"isInner":false,"widgetType":"image","elType":"widget"},{"id":"4b8857ed","settings":{"margin":{"unit":"%","top":"-20","right":0,"bottom":"0","left":0,"isLinked":false},"margin_tablet":{"unit":"%","top":"","right":"","bottom":"","left":"","isLinked":true},"margin_mobile":{"unit":"%","top":"","right":"","bottom":"","left":"","isLinked":true},"z_index":2,"animation":"fadeInUp","animation_delay":200},"elements":[{"id":"1657e1ba","settings":{"_column_size":100,"_inline_size":null,"space_between_widgets":5,"background_background":"classic","margin":{"unit":"%","top":"0","right":"45","bottom":"0","left":"0","isLinked":false},"margin_tablet":{"unit":"%","top":"","right":"","bottom":"","left":"","isLinked":true},"margin_mobile":{"unit":"%","top":"0","right":"11","bottom":"0","left":"0","isLinked":false},"padding":{"unit":"em","top":"3","right":"3","bottom":"3","left":"3","isLinked":true},"padding_tablet":{"unit":"em","top":"","right":"","bottom":"","left":"","isLinked":true},"padding_mobile":{"unit":"em","top":"","right":"","bottom":"","left":"","isLinked":true},"__globals__":{"background_color":"globals\/colors?id=secondary"}},"elements":[{"id":"6bc080eb","settings":{"title":"since 2010, we have been providing service and satisfaction to our customers, and we managed to rank in the top rank for insurance company.","header_size":"p","align":"left","__globals__":{"typography_typography":"globals\/typography?id=05ac879","title_color":"globals\/colors?id=ca42620"}},"elements":[],"isInner":false,"widgetType":"heading","elType":"widget"}],"isInner":true,"elType":"column"}],"isInner":true,"elType":"section"}],"isInner":false,"elType":"column"},{"id":"8999d34","settings":{"_column_size":50,"_inline_size":null,"content_position":"center","padding":{"unit":"em","top":"1","right":"1","bottom":"1","left":"1","isLinked":true},"padding_tablet":{"unit":"em","top":"","right":"","bottom":"","left":"","isLinked":true},"padding_mobile":{"unit":"em","top":"","right":"","bottom":"","left":"","isLinked":true},"_inline_size_tablet":100},"elements":[{"id":"7fe423ab","settings":{"title":"welcome to credice","header_size":"h6","align":"left","__globals__":{"typography_typography":"globals\/typography?id=ce6e115","title_color":"globals\/colors?id=secondary"},"align_tablet":"center"},"elements":[],"isInner":false,"widgetType":"heading","elType":"widget"},{"id":"45f94340","settings":{"title":"we are award wining insurance company !","align":"left","__globals__":{"typography_typography":"globals\/typography?id=9b2799d"},"align_tablet":"center"},"elements":[],"isInner":false,"widgetType":"heading","elType":"widget"},{"id":"2bd27368","settings":{"editor":"<p>Sed eu porttitor metus. Quisque nec viverra mauris, vel convallis felis. Aliquam vel pulvinar metus, sed lobortis augue. Donec nec mauris turpis. Suspendisse tristique orci ullamcorper consectetur vestibulum. Phasellus sodales congue ex sed consequat.<\/p>","align_tablet":"center"},"elements":[],"isInner":false,"widgetType":"text-editor","elType":"widget"},{"id":"1cf24a2","settings":{"icon_list":[{"text":"Aliquam condimentum dictum","_id":"454b7dc"},{"text":"Quisque nec viverra mauris","_id":"b83dace"},{"text":"Suspendisse tristique orci","_id":"048e656"}],"space_between":{"unit":"px","size":5,"sizes":[]},"icon_size":{"unit":"px","size":15,"sizes":[]},"text_indent":{"unit":"px","size":10,"sizes":[]},"_element_width":"auto","__globals__":{"icon_typography_typography":"globals\/typography?id=05ac879","icon_color":"globals\/colors?id=primary","text_color":"globals\/colors?id=text"},"_padding_tablet":{"unit":"em","top":"0","right":"0","bottom":"0","left":"7","isLinked":false},"_padding_mobile":{"unit":"em","top":"0","right":"0","bottom":"0","left":"4","isLinked":false}},"elements":[],"isInner":false,"widgetType":"icon-list","elType":"widget"},{"id":"969e8a8","settings":{"icon_list":[{"text":"Suspendisse tristique orci","_id":"048e656"},{"text":"Quisque nec viverra mauris","_id":"b83dace"},{"text":"Aliquam condimentum dictum","_id":"454b7dc"}],"space_between":{"unit":"px","size":5,"sizes":[]},"icon_size":{"unit":"px","size":15,"sizes":[]},"text_indent":{"unit":"px","size":10,"sizes":[]},"_padding":{"unit":"em","top":"0","right":"0","bottom":"0","left":"3","isLinked":false},"_padding_tablet":{"unit":"em","top":"","right":"","bottom":"","left":"","isLinked":true},"_padding_mobile":{"unit":"em","top":"2","right":"0","bottom":"0","left":"4","isLinked":false},"_element_width":"auto","__globals__":{"icon_typography_typography":"globals\/typography?id=05ac879","icon_color":"globals\/colors?id=primary","text_color":"globals\/colors?id=text"}},"elements":[],"isInner":false,"widgetType":"icon-list","elType":"widget"},{"id":"5ce96b78","settings":{"text":"Read more","_margin":{"unit":"%","top":"5","right":"0","bottom":"0","left":"0","isLinked":false},"_margin_tablet":{"unit":"%","top":"","right":"","bottom":"","left":"","isLinked":true},"_margin_mobile":{"unit":"%","top":"","right":"","bottom":"","left":"","isLinked":true},"align_tablet":"center","__globals__":{"hover_color":"globals\/colors?id=ca42620","button_background_hover_color":"globals\/colors?id=secondary"}},"elements":[],"isInner":false,"widgetType":"button","elType":"widget"}],"isInner":false,"elType":"column"}],"isInner":false,"elType":"section"},{"id":"61181736","settings":{"background_overlay_background":"classic","background_overlay_opacity":{"unit":"px","size":0.7,"sizes":[]},"padding":{"unit":"em","top":"6","right":"1","bottom":"6","left":"1","isLinked":false},"padding_tablet":{"unit":"em","top":"","right":"","bottom":"","left":"","isLinked":true},"padding_mobile":{"unit":"em","top":"","right":"","bottom":"","left":"","isLinked":true},"__globals__":{"background_overlay_color":"","background_color":"globals\/colors?id=081f9b1"},"_title":"Service Section","background_background":"classic","background_color":"#F5FAFF","background_image":{"url":"","id":"","alt":"","source":"library"},"background_position":"center left","background_repeat":"no-repeat","background_size":"initial","background_bg_width":{"unit":"%","size":20,"sizes":[]},"background_overlay_image":{"url":"http:\/\/tykit.rometheme.pro\/credice\/wp-content\/uploads\/sites\/66\/2022\/05\/bgs3.png","id":68,"alt":"","source":"library"},"background_overlay_position":"center center","background_overlay_size":"cover","overflow":"hidden"},"elements":[{"id":"1d8d8b","settings":{"_column_size":100,"_inline_size":null,"padding":{"unit":"em","top":"1","right":"1","bottom":"1","left":"1","isLinked":true},"padding_tablet":{"unit":"em","top":"","right":"","bottom":"","left":"","isLinked":true},"padding_mobile":{"unit":"em","top":"","right":"","bottom":"","left":"","isLinked":true}},"elements":[{"id":"4007dde7","settings":{"title":"Services","header_size":"h6","align":"center","__globals__":{"title_color":"globals\/colors?id=secondary","typography_typography":"globals\/typography?id=ce6e115"}},"elements":[],"isInner":false,"widgetType":"heading","elType":"widget"},{"id":"12dcc6f9","settings":{"title":"It\u2019s time to expect more.","align":"center","__globals__":{"typography_typography":"globals\/typography?id=9b2799d"}},"elements":[],"isInner":false,"widgetType":"heading","elType":"widget"},{"id":"390f0557","settings":{"editor":"<p>Phasellus nec lorem sollicitudin, blandit augue ac, vestibulum metus. Sed malesuada, enim sed porttitor dignissim, urna neque euismod tortor, id convallis nulla massa eu ipsum. Curabitur in erat leo. Mauris vel sollicitudin turpis. Integer at euismod elit.<\/p>","align":"center","_margin":{"unit":"%","top":"0","right":"15","bottom":"0","left":"15","isLinked":false},"_margin_tablet":{"unit":"%","top":"0","right":"0","bottom":"0","left":"0","isLinked":false},"_margin_mobile":{"unit":"%","top":"","right":"","bottom":"","left":"","isLinked":true},"__globals__":{"typography_typography":"globals\/typography?id=text"}},"elements":[],"isInner":false,"widgetType":"text-editor","elType":"widget"},{"id":"46b44fa7","settings":{"structure":"40"},"elements":[{"id":"736171af","settings":{"_column_size":25,"_inline_size":null,"background_background":"classic","background_overlay_opacity":{"unit":"px","size":0.1,"sizes":[]},"border_radius":{"unit":"px","top":"0","right":"0","bottom":"0","left":"0","isLinked":true},"margin":{"unit":"%","top":"2","right":"2","bottom":"2","left":"2","isLinked":true},"margin_tablet":{"unit":"%","top":"","right":"","bottom":"","left":"","isLinked":true},"margin_mobile":{"unit":"%","top":"","right":"","bottom":"","left":"","isLinked":true},"padding":{"unit":"em","top":"3","right":"1","bottom":"4","left":"2","isLinked":false},"padding_tablet":{"unit":"em","top":"","right":"","bottom":"","left":"","isLinked":true},"padding_mobile":{"unit":"em","top":"","right":"","bottom":"","left":"","isLinked":true},"__globals__":{"background_overlay_color":"globals\/colors?id=secondary","background_color":"globals\/colors?id=ca42620"},"background_overlay_color":"#1F74D3","background_hover_background":"classic","animation":"fadeInUp","_inline_size_tablet":50},"elements":[{"id":"2bbcbb","settings":{"selected_icon":{"value":"fas fa-heartbeat","library":"fa-solid"},"align":"left","size":{"unit":"px","size":45,"sizes":[]},"__globals__":{"primary_color":"globals\/colors?id=secondary"}},"elements":[],"isInner":false,"widgetType":"icon","elType":"widget"},{"id":"5f55fd4c","settings":{"selected_icon":{"value":"","library":""},"title_text":"life insurance","description_text":"Lorem ipsum dolor sit amet, consectetur adipiscing elit. Ut elit tellus, luctus nec ullamcorper mattis, pulvinar dapibus leo.","text_align":"left","title_bottom_space":{"unit":"px","size":10,"sizes":[]},"_padding":{"unit":"em","top":"0","right":"0","bottom":"0","left":"2","isLinked":false},"_padding_tablet":{"unit":"em","top":"","right":"","bottom":"","left":"","isLinked":true},"_padding_mobile":{"unit":"em","top":"","right":"","bottom":"","left":"","isLinked":true},"_border_border":"solid","_border_width":{"unit":"px","top":"0","right":"0","bottom":"0","left":"3","isLinked":false},"__globals__":{"_border_color":"globals\/colors?id=secondary","title_typography_typography":"globals\/typography?id=53f0900","title_color":"globals\/colors?id=secondary","description_color":"globals\/colors?id=text","description_typography_typography":"globals\/typography?id=text"}},"elements":[],"isInner":false,"widgetType":"icon-box","elType":"widget"},{"id":"16756143","settings":{"text":"Read more","selected_icon":{"value":"fas fa-arrow-right","library":"fa-solid"},"icon_align":"right","icon_indent":{"unit":"px","size":10,"sizes":[]},"button_text_color":"#1F74D3","background_color":"#02010100","hover_animation":"grow","text_padding":{"unit":"px","top":"0","right":"0","bottom":"0","left":"0","isLinked":false},"_margin":{"unit":"%","top":"5","right":"0","bottom":"0","left":"0","isLinked":false},"_margin_tablet":{"unit":"%","top":"","right":"","bottom":"","left":"","isLinked":true},"_margin_mobile":{"unit":"%","top":"","right":"","bottom":"","left":"","isLinked":true},"__globals__":{"button_text_color":"globals\/colors?id=secondary","background_color":"globals\/colors?id=4533bc1","hover_color":""}},"elements":[],"isInner":false,"widgetType":"button","elType":"widget"}],"isInner":true,"elType":"column"},{"id":"65f7723d","settings":{"_column_size":25,"_inline_size":null,"background_background":"classic","background_overlay_opacity":{"unit":"px","size":0.1,"sizes":[]},"border_radius":{"unit":"px","top":"0","right":"0","bottom":"0","left":"0","isLinked":true},"margin":{"unit":"%","top":"2","right":"2","bottom":"2","left":"2","isLinked":true},"margin_tablet":{"unit":"%","top":"","right":"","bottom":"","left":"","isLinked":true},"margin_mobile":{"unit":"%","top":"","right":"","bottom":"","left":"","isLinked":true},"padding":{"unit":"em","top":"3","right":"1","bottom":"4","left":"2","isLinked":false},"padding_tablet":{"unit":"em","top":"","right":"","bottom":"","left":"","isLinked":true},"padding_mobile":{"unit":"em","top":"","right":"","bottom":"","left":"","isLinked":true},"__globals__":{"background_overlay_color":"globals\/colors?id=secondary","background_color":"globals\/colors?id=secondary"},"animation":"fadeInUp","animation_delay":100,"_inline_size_tablet":50},"elements":[{"id":"cc6575e","settings":{"selected_icon":{"value":"fas fa-car-crash","library":"fa-solid"},"align":"left","size":{"unit":"px","size":45,"sizes":[]},"__globals__":{"primary_color":"globals\/colors?id=ca42620"}},"elements":[],"isInner":false,"widgetType":"icon","elType":"widget"},{"id":"278cb748","settings":{"selected_icon":{"value":"","library":""},"title_text":"car insurance","description_text":"Lorem ipsum dolor sit amet, consectetur adipiscing elit. Ut elit tellus, luctus nec ullamcorper mattis, pulvinar dapibus leo.","text_align":"left","title_bottom_space":{"unit":"px","size":10,"sizes":[]},"_padding":{"unit":"em","top":"0","right":"0","bottom":"0","left":"2","isLinked":false},"_padding_tablet":{"unit":"em","top":"","right":"","bottom":"","left":"","isLinked":true},"_padding_mobile":{"unit":"em","top":"","right":"","bottom":"","left":"","isLinked":true},"_border_border":"solid","_border_width":{"unit":"px","top":"0","right":"0","bottom":"0","left":"3","isLinked":false},"__globals__":{"_border_color":"globals\/colors?id=ca42620","title_typography_typography":"globals\/typography?id=53f0900","title_color":"globals\/colors?id=ca42620","description_color":"globals\/colors?id=ca42620","description_typography_typography":"globals\/typography?id=text"}},"elements":[],"isInner":false,"widgetType":"icon-box","elType":"widget"},{"id":"45d007bf","settings":{"text":"Read more","selected_icon":{"value":"fas fa-arrow-right","library":"fa-solid"},"icon_align":"right","icon_indent":{"unit":"px","size":10,"sizes":[]},"button_text_color":"#FFFFFF","background_color":"#02010100","hover_animation":"grow","text_padding":{"unit":"px","top":"0","right":"0","bottom":"0","left":"0","isLinked":false},"_margin":{"unit":"%","top":"5","right":"0","bottom":"0","left":"0","isLinked":false},"_margin_tablet":{"unit":"%","top":"","right":"","bottom":"","left":"","isLinked":true},"_margin_mobile":{"unit":"%","top":"","right":"","bottom":"","left":"","isLinked":true},"__globals__":{"button_text_color":"globals\/colors?id=ca42620","background_color":"globals\/colors?id=4533bc1","hover_color":""}},"elements":[],"isInner":false,"widgetType":"button","elType":"widget"}],"isInner":true,"elType":"column"},{"id":"4fb5887","settings":{"_column_size":25,"_inline_size":null,"background_background":"classic","background_overlay_opacity":{"unit":"px","size":0.1,"sizes":[]},"border_radius":{"unit":"px","top":"0","right":"0","bottom":"0","left":"0","isLinked":true},"margin":{"unit":"%","top":"2","right":"2","bottom":"2","left":"2","isLinked":true},"margin_tablet":{"unit":"%","top":"","right":"","bottom":"","left":"","isLinked":true},"margin_mobile":{"unit":"%","top":"","right":"","bottom":"","left":"","isLinked":true},"padding":{"unit":"em","top":"3","right":"1","bottom":"4","left":"2","isLinked":false},"padding_tablet":{"unit":"em","top":"","right":"","bottom":"","left":"","isLinked":true},"padding_mobile":{"unit":"em","top":"","right":"","bottom":"","left":"","isLinked":true},"__globals__":{"background_overlay_color":"globals\/colors?id=secondary","background_color":"globals\/colors?id=ca42620"},"background_overlay_color":"#1F74D3","animation":"fadeInUp","animation_delay":200,"_inline_size_tablet":50},"elements":[{"id":"9612988","settings":{"selected_icon":{"value":"fas fa-book-open","library":"fa-solid"},"align":"left","size":{"unit":"px","size":45,"sizes":[]},"__globals__":{"primary_color":"globals\/colors?id=secondary"}},"elements":[],"isInner":false,"widgetType":"icon","elType":"widget"},{"id":"337b6a2","settings":{"selected_icon":{"value":"","library":""},"title_text":"education insurance","description_text":"Lorem ipsum dolor sit amet, consectetur adipiscing elit. Ut elit tellus, luctus nec ullamcorper mattis, pulvinar dapibus leo.","title_size":"h4","text_align":"left","title_bottom_space":{"unit":"px","size":10,"sizes":[]},"_padding":{"unit":"em","top":"0","right":"0","bottom":"0","left":"2","isLinked":false},"_padding_tablet":{"unit":"em","top":"","right":"","bottom":"","left":"","isLinked":true},"_padding_mobile":{"unit":"em","top":"","right":"","bottom":"","left":"","isLinked":true},"_border_border":"solid","_border_width":{"unit":"px","top":"0","right":"0","bottom":"0","left":"3","isLinked":false},"__globals__":{"_border_color":"globals\/colors?id=secondary","title_typography_typography":"globals\/typography?id=53f0900","title_color":"globals\/colors?id=secondary","description_color":"globals\/colors?id=text","description_typography_typography":"globals\/typography?id=text"}},"elements":[],"isInner":false,"widgetType":"icon-box","elType":"widget"},{"id":"3bd6e396","settings":{"text":"Read more","selected_icon":{"value":"fas fa-arrow-right","library":"fa-solid"},"icon_align":"right","icon_indent":{"unit":"px","size":10,"sizes":[]},"button_text_color":"#1F74D3","background_color":"#02010100","hover_animation":"grow","text_padding":{"unit":"px","top":"0","right":"0","bottom":"0","left":"0","isLinked":false},"_margin":{"unit":"%","top":"5","right":"0","bottom":"0","left":"0","isLinked":false},"_margin_tablet":{"unit":"%","top":"","right":"","bottom":"","left":"","isLinked":true},"_margin_mobile":{"unit":"%","top":"","right":"","bottom":"","left":"","isLinked":true},"__globals__":{"button_text_color":"globals\/colors?id=secondary","background_color":"globals\/colors?id=4533bc1","hover_color":""}},"elements":[],"isInner":false,"widgetType":"button","elType":"widget"}],"isInner":true,"elType":"column"},{"id":"1895715","settings":{"_column_size":25,"_inline_size":null,"background_background":"classic","background_overlay_opacity":{"unit":"px","size":0.1,"sizes":[]},"border_radius":{"unit":"px","top":"0","right":"0","bottom":"0","left":"0","isLinked":true},"margin":{"unit":"%","top":"2","right":"2","bottom":"2","left":"2","isLinked":true},"margin_tablet":{"unit":"%","top":"","right":"","bottom":"","left":"","isLinked":true},"margin_mobile":{"unit":"%","top":"","right":"","bottom":"","left":"","isLinked":true},"padding":{"unit":"em","top":"3","right":"1","bottom":"4","left":"2","isLinked":false},"padding_tablet":{"unit":"em","top":"","right":"","bottom":"","left":"","isLinked":true},"padding_mobile":{"unit":"em","top":"","right":"","bottom":"","left":"","isLinked":true},"__globals__":{"background_overlay_color":"globals\/colors?id=secondary","background_color":"globals\/colors?id=secondary"},"animation":"fadeInUp","animation_delay":300,"_inline_size_tablet":50},"elements":[{"id":"1f2cd8c6","settings":{"selected_icon":{"value":"fas fa-money-bill-wave","library":"fa-solid"},"align":"left","size":{"unit":"px","size":45,"sizes":[]},"__globals__":{"primary_color":"globals\/colors?id=ca42620"}},"elements":[],"isInner":false,"widgetType":"icon","elType":"widget"},{"id":"573824ae","settings":{"selected_icon":{"value":"","library":""},"title_text":"investemnt plan","description_text":"Lorem ipsum dolor sit amet, consectetur adipiscing elit. Ut elit tellus, luctus nec ullamcorper mattis, pulvinar dapibus leo.","text_align":"left","title_bottom_space":{"unit":"px","size":10,"sizes":[]},"_padding":{"unit":"em","top":"0","right":"0","bottom":"0","left":"2","isLinked":false},"_padding_tablet":{"unit":"em","top":"","right":"","bottom":"","left":"","isLinked":true},"_padding_mobile":{"unit":"em","top":"","right":"","bottom":"","left":"","isLinked":true},"_border_border":"solid","_border_width":{"unit":"px","top":"0","right":"0","bottom":"0","left":"3","isLinked":false},"__globals__":{"_border_color":"globals\/colors?id=ca42620","title_typography_typography":"globals\/typography?id=53f0900","title_color":"globals\/colors?id=ca42620","description_color":"globals\/colors?id=ca42620","description_typography_typography":"globals\/typography?id=text"}},"elements":[],"isInner":false,"widgetType":"icon-box","elType":"widget"},{"id":"77bbdf89","settings":{"text":"Read more","selected_icon":{"value":"fas fa-arrow-right","library":"fa-solid"},"icon_align":"right","icon_indent":{"unit":"px","size":10,"sizes":[]},"button_text_color":"#FFFFFF","background_color":"#02010100","hover_animation":"grow","text_padding":{"unit":"px","top":"0","right":"0","bottom":"0","left":"0","isLinked":false},"_margin":{"unit":"%","top":"5","right":"0","bottom":"0","left":"0","isLinked":false},"_margin_tablet":{"unit":"%","top":"","right":"","bottom":"","left":"","isLinked":true},"_margin_mobile":{"unit":"%","top":"","right":"","bottom":"","left":"","isLinked":true},"__globals__":{"button_text_color":"globals\/colors?id=ca42620","background_color":"globals\/colors?id=4533bc1","hover_color":""}},"elements":[],"isInner":false,"widgetType":"button","elType":"widget"}],"isInner":true,"elType":"column"}],"isInner":true,"elType":"section"}],"isInner":false,"elType":"column"}],"isInner":false,"elType":"section"},{"id":"47a22638","settings":{"structure":"20","background_background":"classic","background_image":{"url":"","id":"","alt":"","source":"library"},"background_position":"center right","background_repeat":"no-repeat","background_size":"initial","background_bg_width":{"unit":"%","size":15,"sizes":[]},"background_overlay_background":"classic","background_overlay_image":{"url":"","id":"","alt":"","source":"library"},"background_overlay_position":"top left","background_overlay_repeat":"no-repeat","background_overlay_size":"initial","background_overlay_bg_width":{"unit":"%","size":10,"sizes":[]},"background_overlay_opacity":{"unit":"px","size":0.15,"sizes":[]},"padding":{"unit":"em","top":"6","right":"1","bottom":"6","left":"1","isLinked":false},"padding_tablet":{"unit":"em","top":"","right":"","bottom":"","left":"","isLinked":true},"padding_mobile":{"unit":"em","top":"","right":"","bottom":"","left":"","isLinked":true},"_title":"Our mission Section","overflow":"hidden","reverse_order_tablet":"reverse-tablet","reverse_order_mobile":"reverse-mobile"},"elements":[{"id":"5a7703ac","settings":{"_column_size":50,"_inline_size":null,"padding":{"unit":"em","top":"1","right":"1","bottom":"1","left":"1","isLinked":true},"padding_tablet":{"unit":"em","top":"","right":"","bottom":"","left":"","isLinked":true},"padding_mobile":{"unit":"em","top":"","right":"","bottom":"","left":"","isLinked":true},"_inline_size_tablet":100},"elements":[{"id":"6c12b87a","settings":{"title":"our mission","header_size":"h6","align":"left","__globals__":{"typography_typography":"globals\/typography?id=ce6e115","title_color":"globals\/colors?id=secondary"},"align_tablet":"center"},"elements":[],"isInner":false,"widgetType":"heading","elType":"widget"},{"id":"f952136","settings":{"title":"Trust us for the rest of your life.","align":"left","__globals__":{"typography_typography":"globals\/typography?id=9b2799d"},"_margin":{"unit":"%","top":"0","right":"20","bottom":"0","left":"0","isLinked":false},"_margin_tablet":{"unit":"%","top":"0","right":"0","bottom":"0","left":"0","isLinked":false},"_margin_mobile":{"unit":"%","top":"","right":"","bottom":"","left":"","isLinked":true},"align_tablet":"center"},"elements":[],"isInner":false,"widgetType":"heading","elType":"widget"},{"id":"1993dd3b","settings":{"selected_icon":{"value":"fas fa-hands-helping","library":"fa-solid"},"view":"stacked","title_text":"Provide future planning solution and trusted protection with excellent service","description_text":"Lorem ipsum dolor sit amet, consectetur adipiscing elit. Ut elit tellus, luctus nec ullamcorper mattis, pulvinar dapibus leo.","position":"left","title_size":"h5","icon_space":{"unit":"px","size":30,"sizes":[]},"icon_size":{"unit":"px","size":30,"sizes":[]},"content_vertical_alignment":"middle","title_bottom_space":{"unit":"px","size":5,"sizes":[]},"__globals__":{"primary_color":"globals\/colors?id=secondary","secondary_color":"globals\/colors?id=ca42620","title_typography_typography":"globals\/typography?id=4381534","description_typography_typography":"globals\/typography?id=text"},"position_mobile":"left"},"elements":[],"isInner":false,"widgetType":"icon-box","elType":"widget"},{"id":"2fbaf737","settings":{"space":{"unit":"px","size":40,"sizes":[]},"_margin":{"unit":"%","top":"-3","right":"0","bottom":"-3","left":"4","isLinked":false},"_margin_tablet":{"unit":"%","top":"","right":"","bottom":"","left":"","isLinked":true},"_margin_mobile":{"unit":"%","top":"-25","right":"0","bottom":"-4","left":"11","isLinked":false},"_border_border":"solid","_border_width":{"unit":"px","top":"0","right":"0","bottom":"0","left":"2","isLinked":false},"__globals__":{"_border_color":"globals\/colors?id=secondary"}},"elements":[],"isInner":false,"widgetType":"spacer","elType":"widget"},{"id":"71bc556e","settings":{"selected_icon":{"value":"far fa-eye","library":"fa-regular"},"view":"stacked","title_text":"To become the nation's leading insurance company","description_text":"Lorem ipsum dolor sit amet, consectetur adipiscing elit. Ut elit tellus, luctus nec ullamcorper mattis, pulvinar dapibus leo.","position":"left","title_size":"h5","icon_space":{"unit":"px","size":30,"sizes":[]},"icon_size":{"unit":"px","size":30,"sizes":[]},"content_vertical_alignment":"middle","title_bottom_space":{"unit":"px","size":5,"sizes":[]},"__globals__":{"primary_color":"globals\/colors?id=secondary","secondary_color":"globals\/colors?id=ca42620","title_typography_typography":"globals\/typography?id=4381534","description_typography_typography":"globals\/typography?id=text"},"position_mobile":"left"},"elements":[],"isInner":false,"widgetType":"icon-box","elType":"widget"},{"id":"5afd9fb6","settings":{"space":{"unit":"px","size":40,"sizes":[]},"_margin":{"unit":"%","top":"-3","right":"0","bottom":"-3","left":"4","isLinked":false},"_margin_tablet":{"unit":"%","top":"","right":"","bottom":"","left":"","isLinked":true},"_margin_mobile":{"unit":"%","top":"-20","right":"0","bottom":"-4","left":"11","isLinked":false},"_border_border":"solid","_border_width":{"unit":"px","top":"0","right":"0","bottom":"0","left":"2","isLinked":false},"__globals__":{"_border_color":"globals\/colors?id=secondary"}},"elements":[],"isInner":false,"widgetType":"spacer","elType":"widget"},{"id":"8a19c68","settings":{"selected_icon":{"value":"fas fa-users","library":"fa-solid"},"view":"stacked","title_text":"Developing a professional human resource quality","description_text":"Lorem ipsum dolor sit amet, consectetur adipiscing elit. Ut elit tellus, luctus nec ullamcorper mattis, pulvinar dapibus leo.","position":"left","title_size":"h5","icon_space":{"unit":"px","size":30,"sizes":[]},"icon_size":{"unit":"px","size":30,"sizes":[]},"content_vertical_alignment":"middle","title_bottom_space":{"unit":"px","size":5,"sizes":[]},"__globals__":{"primary_color":"globals\/colors?id=secondary","secondary_color":"globals\/colors?id=ca42620","title_typography_typography":"globals\/typography?id=4381534","description_typography_typography":"globals\/typography?id=text"},"position_mobile":"left"},"elements":[],"isInner":false,"widgetType":"icon-box","elType":"widget"}],"isInner":false,"elType":"column"},{"id":"57e0e777","settings":{"_column_size":50,"_inline_size":null,"padding":{"unit":"em","top":"1","right":"1","bottom":"1","left":"1","isLinked":true},"padding_tablet":{"unit":"em","top":"","right":"","bottom":"","left":"","isLinked":true},"padding_mobile":{"unit":"em","top":"","right":"","bottom":"","left":"","isLinked":true},"_inline_size_tablet":100},"elements":[{"id":"4ffd339f","settings":{"image":{"url":"http:\/\/tykit.rometheme.pro\/credice\/wp-content\/uploads\/sites\/66\/2022\/05\/family-with-senior-parents-and-adult-offspring-eat-2022-02-08-22-39-25-utc.jpg","id":75,"alt":"","source":"library"},"image_size":"full","align":"left","_animation":"fadeInRight"},"elements":[],"isInner":false,"widgetType":"image","elType":"widget"},{"id":"2001fd9e","settings":{"margin":{"unit":"%","top":"-20","right":0,"bottom":"0","left":0,"isLinked":false},"margin_tablet":{"unit":"%","top":"","right":"","bottom":"","left":"","isLinked":true},"margin_mobile":{"unit":"%","top":"","right":"","bottom":"","left":"","isLinked":true},"z_index":2,"animation":"fadeInUp","animation_delay":100},"elements":[{"id":"300456d3","settings":{"_column_size":100,"_inline_size":null,"space_between_widgets":5,"background_background":"classic","margin":{"unit":"%","top":"0","right":"0","bottom":"0","left":"45","isLinked":false},"margin_tablet":{"unit":"%","top":"","right":"","bottom":"","left":"","isLinked":true},"margin_mobile":{"unit":"%","top":"0","right":"0","bottom":"0","left":"8","isLinked":false},"padding":{"unit":"em","top":"3","right":"3","bottom":"3","left":"3","isLinked":true},"padding_tablet":{"unit":"em","top":"","right":"","bottom":"","left":"","isLinked":true},"padding_mobile":{"unit":"em","top":"","right":"","bottom":"","left":"","isLinked":true},"__globals__":{"background_color":"globals\/colors?id=secondary"}},"elements":[{"id":"46f031d0","settings":{"title":"Nam faucibus ipsum vel est elementum porttitor. Sed eleifend felis ac fringilla euismod Suspendisse sagittis nisi a neque ultrices laoreet.","header_size":"p","align":"left","__globals__":{"typography_typography":"globals\/typography?id=05ac879","title_color":"globals\/colors?id=ca42620"}},"elements":[],"isInner":false,"widgetType":"heading","elType":"widget"}],"isInner":true,"elType":"column"}],"isInner":true,"elType":"section"}],"isInner":false,"elType":"column"}],"isInner":false,"elType":"section"},{"id":"547db782","settings":{"background_background":"classic","background_image":{"url":"","id":"","alt":"","source":"library"},"background_position":"center right","background_repeat":"no-repeat","background_size":"initial","background_bg_width":{"unit":"%","size":15,"sizes":[]},"background_overlay_background":"classic","background_overlay_image":{"url":"http:\/\/tykit.rometheme.pro\/credice\/wp-content\/uploads\/sites\/66\/2022\/05\/bgs2.2.png","id":48,"alt":"","source":"library"},"background_overlay_position":"top left","background_overlay_repeat":"no-repeat","background_overlay_size":"initial","background_overlay_bg_width":{"unit":"vw","size":15,"sizes":[]},"background_overlay_opacity":{"unit":"px","size":0.15,"sizes":[]},"padding":{"unit":"em","top":"6","right":"1","bottom":"1","left":"1","isLinked":false},"padding_tablet":{"unit":"em","top":"","right":"","bottom":"","left":"","isLinked":true},"padding_mobile":{"unit":"em","top":"","right":"","bottom":"","left":"","isLinked":true},"_title":"Testimonial Heading Section","background_overlay_bg_width_tablet":{"unit":"px","size":150,"sizes":[]},"background_overlay_bg_width_mobile":{"unit":"px","size":95,"sizes":[]}},"elements":[{"id":"6c4278d8","settings":{"_column_size":100,"_inline_size":null,"padding":{"unit":"em","top":"1","right":"1","bottom":"1","left":"1","isLinked":true},"padding_tablet":{"unit":"em","top":"","right":"","bottom":"","left":"","isLinked":true},"padding_mobile":{"unit":"em","top":"","right":"","bottom":"","left":"","isLinked":true}},"elements":[{"id":"8ed29fd","settings":{"title":"testimonial","header_size":"h6","align":"center","__globals__":{"typography_typography":"globals\/typography?id=ce6e115","title_color":"globals\/colors?id=secondary"}},"elements":[],"isInner":false,"widgetType":"heading","elType":"widget"},{"id":"4117c43a","settings":{"title":"our services has been proven by many client.","align":"center","_margin":{"unit":"%","top":"0","right":"25","bottom":"0","left":"25","isLinked":false},"_margin_tablet":{"unit":"%","top":"0","right":"0","bottom":"0","left":"0","isLinked":false},"_margin_mobile":{"unit":"%","top":"","right":"","bottom":"","left":"","isLinked":true},"__globals__":{"typography_typography":"globals\/typography?id=9b2799d"}},"elements":[],"isInner":false,"widgetType":"heading","elType":"widget"}],"isInner":false,"elType":"column"}],"isInner":false,"elType":"section"},{"id":"3face2b1","settings":{"structure":"30","background_background":"classic","background_image":{"url":"http:\/\/tykit.rometheme.pro\/credice\/wp-content\/uploads\/sites\/66\/2022\/05\/bgs2.3.png","id":81,"alt":"","source":"library"},"background_position":"center right","background_repeat":"no-repeat","background_size":"initial","background_bg_width":{"unit":"vw","size":15,"sizes":[]},"background_overlay_background":"classic","background_overlay_image":{"url":"","id":"","alt":"","source":"library"},"background_overlay_position":"top left","background_overlay_repeat":"no-repeat","background_overlay_size":"initial","background_overlay_bg_width":{"unit":"%","size":10,"sizes":[]},"background_overlay_opacity":{"unit":"px","size":0.15,"sizes":[]},"padding":{"unit":"em","top":"1","right":"1","bottom":"6","left":"1","isLinked":false},"padding_tablet":{"unit":"em","top":"","right":"","bottom":"","left":"","isLinked":true},"padding_mobile":{"unit":"em","top":"","right":"","bottom":"","left":"","isLinked":true},"_title":"Testimonial Section","overflow":"hidden","background_bg_width_tablet":{"unit":"px","size":150,"sizes":[]}},"elements":[{"id":"60f44c18","settings":{"_column_size":33,"_inline_size":null,"content_position":"center","animation":"fadeInLeft","animation_delay":100,"_inline_size_tablet":25},"elements":[{"id":"500cbecf","settings":{"structure":"20"},"elements":[{"id":"2f8577d4","settings":{"_column_size":50,"_inline_size":null,"_inline_size_mobile":50},"elements":[{"id":"74ec8fb6","settings":{"image":{"url":"http:\/\/tykit.rometheme.pro\/credice\/wp-content\/uploads\/sites\/66\/2022\/05\/team-1.jpg","id":85,"alt":"","source":"library"},"image_size":"full","align":"center","width":{"unit":"%","size":50,"sizes":[]},"_mask_switch":"yes"},"elements":[],"isInner":false,"widgetType":"image","elType":"widget"}],"isInner":true,"elType":"column"},{"id":"628a1127","settings":{"_column_size":50,"_inline_size":null,"_inline_size_mobile":50},"elements":[{"id":"2069640b","settings":{"image":{"url":"http:\/\/tykit.rometheme.pro\/credice\/wp-content\/uploads\/sites\/66\/2022\/05\/team-4.jpg","id":88,"alt":"","source":"library"},"image_size":"full","align":"center","width":{"unit":"%","size":50,"sizes":[]},"_mask_switch":"yes"},"elements":[],"isInner":false,"widgetType":"image","elType":"widget"}],"isInner":true,"elType":"column"}],"isInner":true,"elType":"section"},{"id":"197c45d7","settings":{"space":{"unit":"px","size":0,"sizes":[]},"_margin":{"unit":"%","top":"-14","right":"40","bottom":"0","left":"40","isLinked":false},"_margin_tablet":{"unit":"%","top":"","right":"","bottom":"","left":"","isLinked":true},"_margin_mobile":{"unit":"%","top":"","right":"","bottom":"","left":"","isLinked":true},"_z_index":1,"_border_border":"dotted","_border_width":{"unit":"px","top":"2","right":"0","bottom":"0","left":"0","isLinked":false},"__globals__":{"_border_color":"globals\/colors?id=primary"}},"elements":[],"isInner":false,"widgetType":"spacer","elType":"widget"}],"isInner":false,"elType":"column"},{"id":"3a739f1f","settings":{"_column_size":33,"_inline_size":null,"background_background":"classic","__globals__":{"background_color":"globals\/colors?id=081f9b1"},"animation":"fadeInUp","_inline_size_tablet":50},"elements":[{"id":"231fb406","settings":{"slides":[{"content":"Lorem ipsum dolor sit amet, consectetur adipiscing elit. Ut elit tellus, luctus nec ullamcorper mattis, pulvinar dapibus leo.","name":"Dyas Kardinal","title":"CEO","image":{"url":"http:\/\/tykit.rometheme.pro\/credice\/wp-content\/uploads\/sites\/66\/2022\/05\/team-1.jpg","id":85,"alt":"","source":"library"},"_id":"322d123"},{"content":"Lorem ipsum dolor sit amet, consectetur adipiscing elit. Ut elit tellus, luctus nec ullamcorper mattis, pulvinar dapibus leo.","name":"Elsa Verina","title":"CEO","image":{"url":"http:\/\/tykit.rometheme.pro\/credice\/wp-content\/uploads\/sites\/66\/2022\/05\/team-4.jpg","id":88,"alt":"","source":"library"},"_id":"babe1b5"},{"content":"Lorem ipsum dolor sit amet, consectetur adipiscing elit. Ut elit tellus, luctus nec ullamcorper mattis, pulvinar dapibus leo.","name":"Kumto Warming","title":"CEO","image":{"url":"http:\/\/tykit.rometheme.pro\/credice\/wp-content\/uploads\/sites\/66\/2022\/05\/team-3.jpg","id":87,"alt":"","source":"library"},"_id":"45c04f9"},{"content":"Lorem ipsum dolor sit amet, consectetur adipiscing elit. Ut elit tellus, luctus nec ullamcorper mattis, pulvinar dapibus leo.","name":"Puri Maha","title":"CEO","image":{"url":"http:\/\/tykit.rometheme.pro\/credice\/wp-content\/uploads\/sites\/66\/2022\/05\/team-2.jpg","id":86,"alt":"","source":"library"},"_id":"7cb95d0"}],"slides_per_view":"1","slides_to_scroll":"1","show_arrows":"","pagination":"","speed":2500,"autoplay_speed":2500,"__globals__":{"content_typography_typography":"globals\/typography?id=05ac879","title_typography_typography":"globals\/typography?id=text","name_typography_typography":"globals\/typography?id=05ac879","name_color":"globals\/colors?id=primary","content_color":"globals\/colors?id=text","title_color":"globals\/colors?id=text"},"slides_per_view_tablet":"1","slides_to_scroll_tablet":"1"},"elements":[],"isInner":false,"widgetType":"testimonial-carousel","elType":"widget"}],"isInner":false,"elType":"column"},{"id":"693776bd","settings":{"_column_size":33,"_inline_size":null,"content_position":"center","animation":"fadeInRight","animation_delay":100,"_inline_size_tablet":25},"elements":[{"id":"11921485","settings":{"structure":"20"},"elements":[{"id":"50224879","settings":{"_column_size":50,"_inline_size":null,"_inline_size_mobile":50},"elements":[{"id":"46351495","settings":{"image":{"url":"http:\/\/tykit.rometheme.pro\/credice\/wp-content\/uploads\/sites\/66\/2022\/05\/team-2.jpg","id":86,"alt":"","source":"library"},"image_size":"full","align":"center","width":{"unit":"%","size":50,"sizes":[]},"_mask_switch":"yes"},"elements":[],"isInner":false,"widgetType":"image","elType":"widget"}],"isInner":true,"elType":"column"},{"id":"17218dc2","settings":{"_column_size":50,"_inline_size":null,"_inline_size_mobile":50},"elements":[{"id":"6bf4f7dc","settings":{"image":{"url":"http:\/\/tykit.rometheme.pro\/credice\/wp-content\/uploads\/sites\/66\/2022\/05\/team-3.jpg","id":87,"alt":"","source":"library"},"image_size":"full","align":"center","width":{"unit":"%","size":50,"sizes":[]},"_mask_switch":"yes"},"elements":[],"isInner":false,"widgetType":"image","elType":"widget"}],"isInner":true,"elType":"column"}],"isInner":true,"elType":"section"},{"id":"6ff65645","settings":{"space":{"unit":"px","size":0,"sizes":[]},"_margin":{"unit":"%","top":"-14","right":"40","bottom":"0","left":"40","isLinked":false},"_margin_tablet":{"unit":"%","top":"","right":"","bottom":"","left":"","isLinked":true},"_margin_mobile":{"unit":"%","top":"","right":"","bottom":"","left":"","isLinked":true},"_z_index":1,"_border_border":"dotted","_border_width":{"unit":"px","top":"2","right":"0","bottom":"0","left":"0","isLinked":false},"__globals__":{"_border_color":"globals\/colors?id=primary"}},"elements":[],"isInner":false,"widgetType":"spacer","elType":"widget"}],"isInner":false,"elType":"column"}],"isInner":false,"elType":"section"},{"id":"306eb97e","settings":{"custom_height_tablet":{"unit":"vh","size":"","sizes":[]},"custom_height_mobile":{"unit":"vh","size":"","sizes":[]},"structure":"20","background_background":"gradient","background_color_stop":{"unit":"%","size":50,"sizes":[]},"background_color_b":"#F5FAFF","background_color_b_stop":{"unit":"%","size":0,"sizes":[]},"background_gradient_angle":{"unit":"deg","size":90,"sizes":[]},"padding":{"unit":"em","top":"6","right":"1","bottom":"6","left":"1","isLinked":false},"padding_tablet":{"unit":"em","top":"","right":"","bottom":"","left":"","isLinked":true},"padding_mobile":{"unit":"em","top":"","right":"","bottom":"","left":"","isLinked":true},"__globals__":{"background_color":"globals\/colors?id=ca42620","background_color_b":"globals\/colors?id=081f9b1"},"_title":"Promo Video Heading Section","background_overlay_background":"classic","background_overlay_image":{"url":"http:\/\/tykit.rometheme.pro\/credice\/wp-content\/uploads\/sites\/66\/2022\/05\/bgs3.png","id":68,"alt":"","source":"library"},"background_overlay_position":"center center","background_overlay_size":"cover","background_overlay_opacity":{"unit":"px","size":0.8,"sizes":[]}},"elements":[{"id":"22479d23","settings":{"_column_size":50,"_inline_size":null,"padding":{"unit":"em","top":"1","right":"1","bottom":"1","left":"1","isLinked":true},"padding_tablet":{"unit":"em","top":"","right":"","bottom":"","left":"","isLinked":true},"padding_mobile":{"unit":"em","top":"","right":"","bottom":"","left":"","isLinked":true},"_inline_size_tablet":50},"elements":[{"id":"771836cd","settings":{"title":"Getting better all the time","header_size":"h6","__globals__":{"typography_typography":"globals\/typography?id=ce6e115","title_color":"globals\/colors?id=secondary"},"align_mobile":"center"},"elements":[],"isInner":false,"widgetType":"heading","elType":"widget"},{"id":"72252885","settings":{"title":"You don\u2019t need a license to live, but a way to protect it.","align":"left","__globals__":{"typography_typography":"globals\/typography?id=9b2799d"},"_margin":{"unit":"%","top":"0","right":"0","bottom":"0","left":"0","isLinked":false},"_margin_tablet":{"unit":"%","top":"","right":"","bottom":"","left":"","isLinked":true},"_margin_mobile":{"unit":"%","top":"","right":"","bottom":"","left":"","isLinked":true},"align_mobile":"center"},"elements":[],"isInner":false,"widgetType":"heading","elType":"widget"},{"id":"438c9bf4","settings":{"editor":"<p>Lorem ipsum dolor sit amet, consectetur adipiscing elit. Nam ac nisi in ligula luctus mollis id quis ligula. Fusce quis sollicitudin augue. Donec pretium cursus est, ut aliquet felis placerat congue. Integer sit amet urna non mauris congue venenatis at sit amet dolor.<\/p>","__globals__":{"typography_typography":"globals\/typography?id=text"}},"elements":[],"isInner":false,"widgetType":"text-editor","elType":"widget"}],"isInner":false,"elType":"column"},{"id":"28ce3cb7","settings":{"_column_size":50,"_inline_size":null,"content_position":"center","padding":{"unit":"em","top":"1","right":"1","bottom":"1","left":"4","isLinked":false},"padding_tablet":{"unit":"em","top":"","right":"","bottom":"","left":"","isLinked":true},"padding_mobile":{"unit":"em","top":"1","right":"1","bottom":"1","left":"1","isLinked":true},"__globals__":{"background_color":""},"_inline_size_tablet":50},"elements":[{"id":"671ff8c6","settings":{"title":"Call us for detail","header_size":"h5","align":"left","__globals__":{"typography_typography":"globals\/typography?id=4381534","title_color":"globals\/colors?id=text"},"align_mobile":"center"},"elements":[],"isInner":false,"widgetType":"heading","elType":"widget"},{"id":"9b6da1","settings":{"title":"+123-234-456","align_mobile":"center"},"elements":[],"isInner":false,"widgetType":"heading","elType":"widget"},{"id":"58ae961","settings":{"text":"contact us","align_mobile":"center","__globals__":{"hover_color":"globals\/colors?id=ca42620","button_background_hover_color":"globals\/colors?id=secondary"}},"elements":[],"isInner":false,"widgetType":"button","elType":"widget"}],"isInner":false,"elType":"column"}],"isInner":false,"elType":"section"},{"id":"6512a342","settings":{"background_background":"classic","background_image":{"url":"","id":"","alt":"","source":"library"},"background_position":"center right","background_repeat":"no-repeat","background_size":"initial","background_bg_width":{"unit":"%","size":15,"sizes":[]},"background_overlay_background":"classic","background_overlay_image":{"url":"","id":"","alt":"","source":"library"},"background_overlay_position":"top left","background_overlay_repeat":"no-repeat","background_overlay_size":"initial","background_overlay_bg_width":{"unit":"%","size":10,"sizes":[]},"background_overlay_opacity":{"unit":"px","size":0.15,"sizes":[]},"margin":{"unit":"%","top":"-3","right":0,"bottom":"0","left":0,"isLinked":false},"margin_tablet":{"unit":"%","top":"-12","right":0,"bottom":"0","left":0,"isLinked":false},"margin_mobile":{"unit":"%","top":"","right":"","bottom":"","left":"","isLinked":true},"padding":{"unit":"em","top":"0","right":"1","bottom":"6","left":"1","isLinked":false},"padding_tablet":{"unit":"em","top":"","right":"","bottom":"","left":"","isLinked":true},"padding_mobile":{"unit":"em","top":"","right":"","bottom":"","left":"","isLinked":true},"z_index":1,"_title":"Promo Video Section","overflow":"hidden","animation":"none"},"elements":[{"id":"72e55217","settings":{"_column_size":100,"_inline_size":null,"margin":{"unit":"%","top":"","right":"","bottom":"","left":"","isLinked":true},"margin_tablet":{"unit":"%","top":"","right":"","bottom":"","left":"","isLinked":true},"margin_mobile":{"unit":"%","top":"","right":"","bottom":"","left":"","isLinked":true},"padding":{"unit":"em","top":"0","right":"1","bottom":"1","left":"1","isLinked":false},"padding_tablet":{"unit":"em","top":"","right":"","bottom":"","left":"","isLinked":true},"padding_mobile":{"unit":"em","top":"","right":"","bottom":"","left":"","isLinked":true}},"elements":[{"id":"69ff3045","settings":{"youtube_url":"https:\/\/www.youtube.com\/watch?v=XHOmBV4js_E","vimeo_url":"https:\/\/vimeo.com\/235215203","dailymotion_url":"https:\/\/www.dailymotion.com\/video\/x6tqhqb","show_image_overlay":"yes","image_overlay":{"url":"http:\/\/tykit.rometheme.pro\/credice\/wp-content\/uploads\/sites\/66\/2022\/05\/family-celebrating-easter-2022-03-29-08-45-30-utc.jpg","id":96,"alt":"","source":"library"},"aspect_ratio":"219","__globals__":{"play_icon_color":"globals\/colors?id=ca42620"},"_animation":"fadeInUp"},"elements":[],"isInner":false,"widgetType":"video","elType":"widget"}],"isInner":false,"elType":"column"}],"isInner":false,"elType":"section"},{"id":"6ae1a542","settings":{"background_background":"classic","background_image":{"url":"","id":"","alt":"","source":"library"},"background_position":"center right","background_repeat":"no-repeat","background_size":"initial","background_bg_width":{"unit":"%","size":15,"sizes":[]},"background_overlay_background":"classic","background_overlay_image":{"url":"http:\/\/tykit.rometheme.pro\/credice\/wp-content\/uploads\/sites\/66\/2022\/05\/bgs2.2.png","id":48,"alt":"","source":"library"},"background_overlay_position":"top right","background_overlay_repeat":"no-repeat","background_overlay_size":"initial","background_overlay_bg_width":{"unit":"vw","size":15,"sizes":[]},"background_overlay_opacity":{"unit":"px","size":0.15,"sizes":[]},"padding":{"unit":"em","top":"6","right":"1","bottom":"1","left":"1","isLinked":false},"padding_tablet":{"unit":"em","top":"","right":"","bottom":"","left":"","isLinked":true},"padding_mobile":{"unit":"em","top":"","right":"","bottom":"","left":"","isLinked":true},"_title":"Pricing Heading Section","background_overlay_bg_width_tablet":{"unit":"px","size":150,"sizes":[]},"background_overlay_bg_width_mobile":{"unit":"px","size":95,"sizes":[]}},"elements":[{"id":"4351d9da","settings":{"_column_size":100,"_inline_size":null,"padding":{"unit":"em","top":"1","right":"1","bottom":"1","left":"1","isLinked":true},"padding_tablet":{"unit":"em","top":"","right":"","bottom":"","left":"","isLinked":true},"padding_mobile":{"unit":"em","top":"","right":"","bottom":"","left":"","isLinked":true}},"elements":[{"id":"63e78986","settings":{"title":"our best plans","header_size":"h6","align":"center","__globals__":{"typography_typography":"globals\/typography?id=ce6e115","title_color":"globals\/colors?id=secondary"}},"elements":[],"isInner":false,"widgetType":"heading","elType":"widget"},{"id":"63647aa3","settings":{"title":"Life can be limp, but we\u2019ll help you take shape.","align":"center","_margin":{"unit":"%","top":"0","right":"25","bottom":"0","left":"25","isLinked":false},"_margin_tablet":{"unit":"%","top":"0","right":"0","bottom":"0","left":"0","isLinked":false},"_margin_mobile":{"unit":"%","top":"","right":"","bottom":"","left":"","isLinked":true},"__globals__":{"typography_typography":"globals\/typography?id=9b2799d"}},"elements":[],"isInner":false,"widgetType":"heading","elType":"widget"}],"isInner":false,"elType":"column"}],"isInner":false,"elType":"section"},{"id":"52e92cca","settings":{"structure":"30","background_background":"classic","background_image":{"url":"http:\/\/tykit.rometheme.pro\/credice\/wp-content\/uploads\/sites\/66\/2022\/05\/bgs2.1.png","id":47,"alt":"","source":"library"},"background_position":"center left","background_repeat":"no-repeat","background_size":"initial","background_bg_width":{"unit":"vw","size":15,"sizes":[]},"background_overlay_background":"classic","background_overlay_image":{"url":"","id":"","alt":"","source":"library"},"background_overlay_position":"top left","background_overlay_repeat":"no-repeat","background_overlay_size":"initial","background_overlay_bg_width":{"unit":"%","size":10,"sizes":[]},"background_overlay_opacity":{"unit":"px","size":0.15,"sizes":[]},"padding":{"unit":"em","top":"1","right":"1","bottom":"6","left":"1","isLinked":false},"padding_tablet":{"unit":"em","top":"","right":"","bottom":"","left":"","isLinked":true},"padding_mobile":{"unit":"em","top":"","right":"","bottom":"","left":"","isLinked":true},"_title":"Pricing Section","overflow":"hidden","background_bg_width_tablet":{"unit":"px","size":150,"sizes":[]}},"elements":[{"id":"f969e50","settings":{"_column_size":33,"_inline_size":null,"padding":{"unit":"em","top":"1","right":"1","bottom":"1","left":"1","isLinked":true},"padding_tablet":{"unit":"em","top":"","right":"","bottom":"","left":"","isLinked":true},"padding_mobile":{"unit":"em","top":"","right":"","bottom":"","left":"","isLinked":true},"animation":"fadeInUp","_inline_size_tablet":50},"elements":[{"id":"3f61d7e2","settings":{"heading":"Education","sub_heading":"Cras viverra elit non odio","price":"39.99","period":"Monthly","features_list":[{"item_text":"Fxed for entire policy term","_id":"0de3a60"},{"item_text":"De Will be transferred","_id":"2d934f5"},{"item_text":"Documents for verification","_id":"986c177"}],"button_text":"select the plan","footer_additional_info":"Ed cursus massa non arcu","show_ribbon":"","ribbon_title":"Popular","header_bg_color":"#1F74D3","heading_color":"#FFFFFF","heading_typography_typography":"custom","heading_typography_font_family":"Open Sans","heading_typography_font_size":{"unit":"rem","size":2,"sizes":[]},"heading_typography_font_weight":"700","heading_typography_text_transform":"capitalize","heading_typography_line_height":{"unit":"em","size":1.1,"sizes":[]},"heading_typography_word_spacing":{"unit":"em","size":"","sizes":[]},"sub_heading_typography_typography":"custom","sub_heading_typography_font_family":"Roboto","sub_heading_typography_font_size":{"unit":"rem","size":1,"sizes":[]},"sub_heading_typography_font_weight":"400","pricing_element_bg_color":"#F5FAFF","pricing_element_padding":{"unit":"em","top":"","right":"","bottom":"","left":"","isLinked":true},"pricing_element_padding_tablet":{"unit":"em","top":"","right":"","bottom":"","left":"","isLinked":true},"pricing_element_padding_mobile":{"unit":"em","top":"","right":"","bottom":"","left":"","isLinked":true},"price_color":"#1F74D3","fractional-part_size":{"unit":"px","size":30,"sizes":[]},"period_typography_typography":"custom","period_typography_font_family":"Roboto","period_typography_font_size":{"unit":"rem","size":1,"sizes":[]},"period_typography_font_weight":"400","period_position":"beside","features_list_bg_color":"#F5FAFF","features_list_alignment":"left","item_width":{"unit":"px","size":51,"sizes":[]},"divider_weight":{"unit":"px","size":1,"sizes":[]},"divider_gap":{"unit":"px","size":20,"sizes":[]},"footer_bg_color":"#F5FAFF","button_text_color":"#FFFFFF","button_background_color":"#1F74D3","button_hover_color":"#FFFFFF","button_background_hover_color":"#002D5F","__globals__":{"heading_color":"globals\/colors?id=ca42620","header_bg_color":"globals\/colors?id=secondary","heading_typography_typography":"globals\/typography?id=d478caa","sub_heading_typography_typography":"globals\/typography?id=text","pricing_element_bg_color":"globals\/colors?id=081f9b1","features_list_bg_color":"globals\/colors?id=081f9b1","footer_bg_color":"globals\/colors?id=081f9b1","button_text_color":"globals\/colors?id=ca42620","button_background_color":"globals\/colors?id=secondary","button_hover_color":"globals\/colors?id=ca42620","button_background_hover_color":"globals\/colors?id=primary","price_typography_typography":"globals\/typography?id=63bb670","price_color":"globals\/colors?id=secondary","period_typography_typography":"globals\/typography?id=text","period_color":"globals\/colors?id=secondary","features_list_typography_typography":"globals\/typography?id=05ac879","divider_color":"globals\/colors?id=de5d5bd","features_list_color":"globals\/colors?id=secondary","additional_info_typography_typography":"globals\/typography?id=text","additional_info_color":"globals\/colors?id=text","button_typography_typography":""},"item_width_tablet":{"unit":"px","size":75,"sizes":[]},"heading_typography_font_size_tablet":{"unit":"rem","size":1.5,"sizes":[]},"heading_typography_font_size_mobile":{"unit":"rem","size":1.25,"sizes":[]},"sub_heading_typography_font_size_tablet":{"unit":"rem","size":1,"sizes":[]},"sub_heading_typography_font_size_mobile":{"unit":"rem","size":0.75,"sizes":[]},"price_typography_typography":"custom","price_typography_font_family":"Open Sans","price_typography_font_size":{"unit":"rem","size":5.625,"sizes":[]},"price_typography_font_size_tablet":{"unit":"rem","size":5,"sizes":[]},"price_typography_font_size_mobile":{"unit":"rem","size":3.75,"sizes":[]},"price_typography_font_weight":"800","price_typography_text_transform":"capitalize","price_typography_line_height":{"unit":"em","size":1.2,"sizes":[]},"price_typography_word_spacing":{"unit":"em","size":"","sizes":[]},"period_color":"#1F74D3","period_typography_font_size_tablet":{"unit":"rem","size":1,"sizes":[]},"period_typography_font_size_mobile":{"unit":"rem","size":0.75,"sizes":[]},"features_list_color":"#1F74D3","features_list_typography_typography":"custom","features_list_typography_font_family":"Roboto","features_list_typography_font_size":{"unit":"rem","size":1,"sizes":[]},"features_list_typography_font_size_tablet":{"unit":"rem","size":1,"sizes":[]},"features_list_typography_font_size_mobile":{"unit":"rem","size":0.75,"sizes":[]},"features_list_typography_font_weight":"600","features_list_typography_line_height":{"unit":"em","size":"","sizes":[]},"features_list_typography_word_spacing":{"unit":"em","size":"","sizes":[]},"divider_color":"#EAEAEA","button_typography_font_family":"Roboto","button_typography_font_size":{"unit":"rem","size":1,"sizes":[]},"button_typography_font_size_tablet":{"unit":"rem","size":1,"sizes":[]},"button_typography_font_size_mobile":{"unit":"rem","size":0.75,"sizes":[]},"button_typography_font_weight":"400","additional_info_color":"#7A7A7A","additional_info_typography_typography":"custom","additional_info_typography_font_family":"Roboto","additional_info_typography_font_size":{"unit":"rem","size":1,"sizes":[]},"additional_info_typography_font_size_tablet":{"unit":"rem","size":1,"sizes":[]},"additional_info_typography_font_size_mobile":{"unit":"rem","size":0.75,"sizes":[]},"additional_info_typography_font_weight":"400"},"elements":[],"isInner":false,"widgetType":"price-table","elType":"widget"}],"isInner":false,"elType":"column"},{"id":"1f4a8378","settings":{"_column_size":33,"_inline_size":null,"padding":{"unit":"em","top":"1","right":"1","bottom":"1","left":"1","isLinked":true},"padding_tablet":{"unit":"em","top":"","right":"","bottom":"","left":"","isLinked":true},"padding_mobile":{"unit":"em","top":"","right":"","bottom":"","left":"","isLinked":true},"animation":"fadeInUp","animation_delay":100,"_inline_size_tablet":50},"elements":[{"id":"2aba1840","settings":{"heading":"life Protection","sub_heading":"Nunc vel odio ut velit","price":"79.99","period":"Monthly","features_list":[{"item_text":"Fxed for entire policy term","_id":"0de3a60"},{"item_text":"De Will be transferred","_id":"2d934f5"},{"item_text":"Documents for verification","_id":"986c177"}],"button_text":"select the plan","footer_additional_info":"Ed cursus massa non arcu","ribbon_title":"Popular","ribbon_horizontal_position":"right","header_bg_color":"#1F74D3","heading_color":"#FFFFFF","heading_typography_typography":"custom","heading_typography_font_family":"Open Sans","heading_typography_font_size":{"unit":"px","size":32,"sizes":[]},"heading_typography_font_weight":"700","heading_typography_text_transform":"capitalize","heading_typography_line_height":{"unit":"em","size":1.1,"sizes":[]},"heading_typography_word_spacing":{"unit":"em","size":"","sizes":[]},"sub_heading_typography_typography":"custom","sub_heading_typography_font_family":"Roboto","sub_heading_typography_font_size":{"unit":"px","size":16,"sizes":[]},"sub_heading_typography_font_weight":"400","pricing_element_bg_color":"#F5FAFF","pricing_element_padding":{"unit":"em","top":"","right":"","bottom":"","left":"","isLinked":true},"pricing_element_padding_tablet":{"unit":"em","top":"","right":"","bottom":"","left":"","isLinked":true},"pricing_element_padding_mobile":{"unit":"em","top":"","right":"","bottom":"","left":"","isLinked":true},"price_color":"#1F74D3","fractional-part_size":{"unit":"px","size":30,"sizes":[]},"period_typography_typography":"custom","period_typography_font_family":"Roboto","period_typography_font_size":{"unit":"px","size":16,"sizes":[]},"period_typography_font_weight":"400","period_position":"beside","features_list_bg_color":"#F5FAFF","features_list_alignment":"left","item_width":{"unit":"px","size":51,"sizes":[]},"divider_weight":{"unit":"px","size":1,"sizes":[]},"divider_gap":{"unit":"px","size":20,"sizes":[]},"footer_bg_color":"#F5FAFF","button_text_color":"#FFFFFF","button_background_color":"#1F74D3","button_hover_color":"#FFFFFF","button_background_hover_color":"#002D5F","ribbon_distance":{"unit":"px","size":35,"sizes":[]},"__globals__":{"heading_color":"globals\/colors?id=ca42620","header_bg_color":"globals\/colors?id=primary","heading_typography_typography":"globals\/typography?id=d478caa","sub_heading_typography_typography":"globals\/typography?id=text","pricing_element_bg_color":"globals\/colors?id=081f9b1","features_list_bg_color":"globals\/colors?id=081f9b1","footer_bg_color":"globals\/colors?id=081f9b1","button_text_color":"globals\/colors?id=ca42620","button_background_color":"globals\/colors?id=primary","button_hover_color":"globals\/colors?id=ca42620","button_background_hover_color":"globals\/colors?id=secondary","price_typography_typography":"globals\/typography?id=63bb670","price_color":"globals\/colors?id=primary","period_typography_typography":"globals\/typography?id=text","period_color":"globals\/colors?id=primary","features_list_typography_typography":"globals\/typography?id=05ac879","divider_color":"globals\/colors?id=de5d5bd","features_list_color":"globals\/colors?id=primary","additional_info_typography_typography":"globals\/typography?id=text","additional_info_color":"globals\/colors?id=text","ribbon_typography_typography":"globals\/typography?id=ce6e115","ribbon_bg_color":"globals\/colors?id=secondary","ribbon_text_color":"globals\/colors?id=ca42620"},"item_width_tablet":{"unit":"px","size":75,"sizes":[]}},"elements":[],"isInner":false,"widgetType":"price-table","elType":"widget"}],"isInner":false,"elType":"column"},{"id":"3fe08652","settings":{"_column_size":33,"_inline_size":null,"padding":{"unit":"em","top":"1","right":"1","bottom":"1","left":"1","isLinked":true},"padding_tablet":{"unit":"em","top":"","right":"","bottom":"","left":"","isLinked":true},"padding_mobile":{"unit":"em","top":"","right":"","bottom":"","left":"","isLinked":true},"animation":"fadeInUp","animation_delay":100,"_inline_size_tablet":50},"elements":[{"id":"bda2d07","settings":{"heading":"car insurance","sub_heading":"Aliquam elementum auctor","price":"59.99","period":"Monthly","features_list":[{"item_text":"Fxed for entire policy term","_id":"0de3a60"},{"item_text":"De Will be transferred","_id":"2d934f5"},{"item_text":"Documents for verification","_id":"986c177"}],"button_text":"select the plan","footer_additional_info":"Ed cursus massa non arcu","show_ribbon":"","ribbon_title":"Popular","header_bg_color":"#1F74D3","heading_color":"#FFFFFF","heading_typography_typography":"custom","heading_typography_font_family":"Open Sans","heading_typography_font_size":{"unit":"px","size":32,"sizes":[]},"heading_typography_font_weight":"700","heading_typography_text_transform":"capitalize","heading_typography_line_height":{"unit":"em","size":1.1,"sizes":[]},"heading_typography_word_spacing":{"unit":"em","size":"","sizes":[]},"sub_heading_typography_typography":"custom","sub_heading_typography_font_family":"Roboto","sub_heading_typography_font_size":{"unit":"px","size":16,"sizes":[]},"sub_heading_typography_font_weight":"400","pricing_element_bg_color":"#F5FAFF","pricing_element_padding":{"unit":"em","top":"","right":"","bottom":"","left":"","isLinked":true},"pricing_element_padding_tablet":{"unit":"em","top":"","right":"","bottom":"","left":"","isLinked":true},"pricing_element_padding_mobile":{"unit":"em","top":"","right":"","bottom":"","left":"","isLinked":true},"price_color":"#1F74D3","fractional-part_size":{"unit":"px","size":30,"sizes":[]},"period_typography_typography":"custom","period_typography_font_family":"Roboto","period_typography_font_size":{"unit":"px","size":16,"sizes":[]},"period_typography_font_weight":"400","period_position":"beside","features_list_bg_color":"#F5FAFF","features_list_alignment":"left","item_width":{"unit":"px","size":51,"sizes":[]},"divider_weight":{"unit":"px","size":1,"sizes":[]},"divider_gap":{"unit":"px","size":20,"sizes":[]},"footer_bg_color":"#F5FAFF","button_text_color":"#FFFFFF","button_background_color":"#1F74D3","button_hover_color":"#FFFFFF","button_background_hover_color":"#002D5F","__globals__":{"heading_color":"globals\/colors?id=ca42620","header_bg_color":"globals\/colors?id=secondary","heading_typography_typography":"globals\/typography?id=d478caa","sub_heading_typography_typography":"globals\/typography?id=text","pricing_element_bg_color":"globals\/colors?id=081f9b1","features_list_bg_color":"globals\/colors?id=081f9b1","footer_bg_color":"globals\/colors?id=081f9b1","button_text_color":"globals\/colors?id=ca42620","button_background_color":"globals\/colors?id=secondary","button_hover_color":"globals\/colors?id=ca42620","button_background_hover_color":"globals\/colors?id=primary","price_typography_typography":"globals\/typography?id=63bb670","price_color":"globals\/colors?id=secondary","period_typography_typography":"globals\/typography?id=text","period_color":"globals\/colors?id=secondary","features_list_typography_typography":"globals\/typography?id=05ac879","divider_color":"globals\/colors?id=de5d5bd","features_list_color":"globals\/colors?id=secondary","additional_info_typography_typography":"globals\/typography?id=text","additional_info_color":"globals\/colors?id=text"},"item_width_tablet":{"unit":"px","size":75,"sizes":[]}},"elements":[],"isInner":false,"widgetType":"price-table","elType":"widget"}],"isInner":false,"elType":"column"}],"isInner":false,"elType":"section"},{"id":"23298707","settings":{"padding":{"unit":"em","top":"11","right":"1","bottom":"6","left":"1","isLinked":false},"padding_tablet":{"unit":"em","top":"","right":"","bottom":"","left":"","isLinked":true},"padding_mobile":{"unit":"em","top":"","right":"","bottom":"","left":"","isLinked":true},"_title":"CTA Section","overflow":"hidden"},"elements":[{"id":"df64593","settings":{"_column_size":100,"_inline_size":null,"background_background":"classic","background_overlay_background":"classic","padding":{"unit":"px","top":"0","right":"0","bottom":"0","left":"0","isLinked":false},"__globals__":{"background_color":"globals\/colors?id=secondary"},"animation":"fadeInUp"},"elements":[{"id":"22167be7","settings":{"gap":"no","structure":"20","reverse_order_tablet":"reverse-tablet","reverse_order_mobile":"reverse-mobile"},"elements":[{"id":"ea300df","settings":{"_column_size":50,"_inline_size":40,"background_background":"classic","background_image":{"url":"http:\/\/tykit.rometheme.pro\/credice\/wp-content\/uploads\/sites\/66\/2022\/05\/bgs2.4.png","id":111,"alt":"","source":"library"},"background_position":"bottom left","background_repeat":"no-repeat","background_size":"initial","background_bg_width":{"unit":"%","size":95,"sizes":[]},"_inline_size_tablet":100},"elements":[{"id":"3a83a715","settings":{"image":{"url":"http:\/\/tykit.rometheme.pro\/credice\/wp-content\/uploads\/sites\/66\/2022\/05\/good-looking-handsome-man-with-beard-checking-his-2022-02-07-11-48-27-utc.png","id":106,"alt":"","source":"library"},"image_size":"full","width":{"unit":"%","size":100,"sizes":[]},"_margin":{"unit":"%","top":"-31","right":"0","bottom":"0","left":"0","isLinked":false},"_margin_tablet":{"unit":"%","top":"0","right":"0","bottom":"0","left":"0","isLinked":false},"_margin_mobile":{"unit":"%","top":"","right":"","bottom":"","left":"","isLinked":true},"_background_background":"classic","_background_image":{"url":"","id":"","alt":"","source":"library"},"_background_position":"top left","_background_repeat":"no-repeat","_background_size":"initial","_background_bg_width":{"unit":"%","size":29,"sizes":[]},"width_tablet":{"unit":"%","size":74,"sizes":[]}},"elements":[],"isInner":false,"widgetType":"image","elType":"widget"}],"isInner":true,"elType":"column"},{"id":"3e5b0b97","settings":{"_column_size":50,"_inline_size":60,"content_position":"center","background_background":"classic","background_overlay_background":"classic","background_overlay_image":{"url":"http:\/\/tykit.rometheme.pro\/credice\/wp-content\/uploads\/sites\/66\/2022\/05\/bgs2.5.png","id":112,"alt":"","source":"library"},"background_overlay_position":"center right","background_overlay_repeat":"no-repeat","background_overlay_size":"initial","background_overlay_bg_width":{"unit":"%","size":85,"sizes":[]},"background_overlay_opacity":{"unit":"px","size":0.25,"sizes":[]},"padding":{"unit":"em","top":"0","right":"5","bottom":"0","left":"0","isLinked":false},"padding_tablet":{"unit":"em","top":"4","right":"4","bottom":"4","left":"4","isLinked":true},"padding_mobile":{"unit":"em","top":"4","right":"1","bottom":"3","left":"1","isLinked":false},"_inline_size_tablet":100},"elements":[{"id":"318e6f57","settings":{"title":"No one can surely predict the future, But we can protect it.","align":"left","__globals__":{"title_color":"globals\/colors?id=ca42620","typography_typography":"globals\/typography?id=9b2799d"},"align_tablet":"center"},"elements":[],"isInner":false,"widgetType":"heading","elType":"widget"},{"id":"6d0a6b2e","settings":{"title":"call our agent (+123-456-789) ","header_size":"h4","align":"left","__globals__":{"title_color":"globals\/colors?id=ca42620","typography_typography":"globals\/typography?id=53f0900"},"align_tablet":"center"},"elements":[],"isInner":false,"widgetType":"heading","elType":"widget"},{"id":"1f90d07b","settings":{"text":"call us now","_margin":{"unit":"%","top":"0","right":"0","bottom":"0","left":"0","isLinked":false},"_margin_tablet":{"unit":"%","top":"","right":"","bottom":"","left":"","isLinked":true},"_margin_mobile":{"unit":"%","top":"","right":"","bottom":"","left":"","isLinked":true},"__globals__":{"hover_color":"globals\/colors?id=ca42620","button_background_hover_color":"globals\/colors?id=8fe369a"},"align_tablet":"center"},"elements":[],"isInner":false,"widgetType":"button","elType":"widget"}],"isInner":true,"elType":"column"}],"isInner":true,"elType":"section"}],"isInner":false,"elType":"column"}],"isInner":false,"elType":"section"},{"id":"7568e1e5","settings":{"structure":"20","background_overlay_background":"classic","background_overlay_image":{"url":"http:\/\/tykit.rometheme.pro\/credice\/wp-content\/uploads\/sites\/66\/2022\/05\/bgs2.2.png","id":48,"alt":"","source":"library"},"background_overlay_position":"top left","background_overlay_repeat":"no-repeat","background_overlay_size":"initial","background_overlay_bg_width":{"unit":"vw","size":10,"sizes":[]},"background_overlay_opacity":{"unit":"px","size":0.15,"sizes":[]},"padding":{"unit":"em","top":"6","right":"1","bottom":"1","left":"1","isLinked":false},"padding_tablet":{"unit":"em","top":"","right":"","bottom":"","left":"","isLinked":true},"padding_mobile":{"unit":"em","top":"","right":"","bottom":"","left":"","isLinked":true},"_title":"Blog Heading Section","background_overlay_bg_width_tablet":{"unit":"vw","size":"","sizes":[]},"background_overlay_bg_width_mobile":{"unit":"vw","size":"","sizes":[]}},"elements":[{"id":"4c172c18","settings":{"_column_size":50,"_inline_size":null,"padding":{"unit":"em","top":"1","right":"1","bottom":"1","left":"1","isLinked":true},"padding_tablet":{"unit":"em","top":"","right":"","bottom":"","left":"","isLinked":true},"padding_mobile":{"unit":"em","top":"","right":"","bottom":"","left":"","isLinked":true}},"elements":[{"id":"2cf40dc1","settings":{"title":"newsletter","header_size":"h6","align":"left","__globals__":{"typography_typography":"globals\/typography?id=ce6e115","title_color":"globals\/colors?id=secondary"},"align_mobile":"center"},"elements":[],"isInner":false,"widgetType":"heading","elType":"widget"},{"id":"754f4c95","settings":{"title":"our latest newsletter","align":"left","__globals__":{"typography_typography":"globals\/typography?id=9b2799d"},"align_mobile":"center"},"elements":[],"isInner":false,"widgetType":"heading","elType":"widget"}],"isInner":false,"elType":"column"},{"id":"60eb0483","settings":{"_column_size":50,"_inline_size":null,"content_position":"bottom","padding":{"unit":"em","top":"1","right":"1","bottom":"1","left":"1","isLinked":true},"padding_tablet":{"unit":"em","top":"","right":"","bottom":"","left":"","isLinked":true},"padding_mobile":{"unit":"em","top":"","right":"","bottom":"","left":"","isLinked":true}},"elements":[{"id":"26467ff0","settings":{"text":"all newsletter","align":"right","align_mobile":"center","__globals__":{"hover_color":"globals\/colors?id=ca42620","button_background_hover_color":"globals\/colors?id=secondary"}},"elements":[],"isInner":false,"widgetType":"button","elType":"widget"}],"isInner":false,"elType":"column"}],"isInner":false,"elType":"section"},{"id":"27534fc","settings":{"background_background":"classic","background_image":{"url":"http:\/\/tykit.rometheme.pro\/credice\/wp-content\/uploads\/sites\/66\/2022\/05\/bgs2.3.png","id":81,"alt":"","source":"library"},"background_position":"center right","background_repeat":"no-repeat","background_size":"initial","background_bg_width":{"unit":"vw","size":15,"sizes":[]},"background_overlay_background":"classic","background_overlay_image":{"url":"","id":"","alt":"","source":"library"},"background_overlay_position":"top left","background_overlay_repeat":"no-repeat","background_overlay_size":"initial","background_overlay_bg_width":{"unit":"%","size":10,"sizes":[]},"background_overlay_opacity":{"unit":"px","size":0.15,"sizes":[]},"padding":{"unit":"em","top":"0","right":"1","bottom":"6","left":"1","isLinked":false},"padding_tablet":{"unit":"em","top":"","right":"","bottom":"","left":"","isLinked":true},"padding_mobile":{"unit":"em","top":"","right":"","bottom":"","left":"","isLinked":true},"_title":"Blog Section","background_bg_width_tablet":{"unit":"vw","size":"","sizes":[]},"background_bg_width_mobile":{"unit":"vw","size":"","sizes":[]}},"elements":[{"id":"79ff68d3","settings":{"_column_size":100,"_inline_size":null,"padding":{"unit":"em","top":"1","right":"1","bottom":"1","left":"1","isLinked":true},"padding_tablet":{"unit":"em","top":"","right":"","bottom":"","left":"","isLinked":true},"padding_mobile":{"unit":"em","top":"","right":"","bottom":"","left":"","isLinked":true}},"elements":[{"id":"2ec892a1","settings":{"_skin":"cards","classic_meta_separator":"\/\/\/","classic_read_more_text":"Read More \u00bb","cards_meta_separator":"\u2022","cards_show_read_more":"","cards_read_more_text":"Read More \u00bb","cards_show_avatar":"","full_content_meta_separator":"\/\/\/","pagination_page_limit":"5","pagination_prev_label":"&laquo; Previous","pagination_next_label":"Next &raquo;","text":"Load More","load_more_no_posts_custom_message":"No more posts to show","cards_posts_per_page":3,"cards_thumbnail_size_size":"full","cards_excerpt_length":20,"cards_show_badge":"","cards_card_border_width":{"unit":"px","size":1,"sizes":[]},"cards_box_shadow_box_shadow_type":"","cards_title_color":"#002D5F","cards_title_typography_typography":"custom","cards_title_typography_font_family":"Open Sans","cards_title_typography_font_size":{"unit":"px","size":22,"sizes":[]},"cards_title_typography_font_weight":"700","cards_title_typography_text_transform":"capitalize","cards_title_typography_line_height":{"unit":"em","size":1.1,"sizes":[]},"cards_title_typography_word_spacing":{"unit":"em","size":"","sizes":[]},"cards_title_spacing":{"unit":"px","size":15,"sizes":[]},"cards_excerpt_color":"#7A7A7A","cards_excerpt_typography_typography":"custom","cards_excerpt_typography_font_family":"Roboto","cards_excerpt_typography_font_size":{"unit":"px","size":16,"sizes":[]},"cards_excerpt_typography_font_weight":"400","cards_excerpt_spacing":{"unit":"px","size":30,"sizes":[]},"_margin":{"unit":"%","top":"0","right":"0","bottom":"0","left":"0","isLinked":false},"_margin_tablet":{"unit":"%","top":"","right":"","bottom":"","left":"","isLinked":true},"_margin_mobile":{"unit":"%","top":"","right":"","bottom":"","left":"","isLinked":true},"__globals__":{"cards_title_typography_typography":"globals\/typography?id=4381534","cards_title_color":"globals\/colors?id=primary","cards_excerpt_typography_typography":"globals\/typography?id=text","cards_excerpt_color":"globals\/colors?id=text","cards_meta_typography_typography":"globals\/typography?id=05ae05a","cards_meta_color":"globals\/colors?id=text","cards_meta_separator_color":"globals\/colors?id=0abfcda","cards_card_bg_color":"globals\/colors?id=ca42620","cards_meta_border_color":"globals\/colors?id=de5d5bd","cards_card_border_color":"globals\/colors?id=de5d5bd"},"cards_hover_effect":"none"},"elements":[],"isInner":false,"widgetType":"posts","elType":"widget"}],"isInner":false,"elType":"column"}],"isInner":false,"elType":"section"}],"settings":{"template":"elementor_header_footer","hide_title":"yes"},"metadata":[]}