{"content":[{"id":"5e2cdbe3","settings":{"height":"min-height","custom_height":{"unit":"vh","size":35,"sizes":[]},"custom_height_tablet":{"unit":"vh","size":"","sizes":[]},"custom_height_mobile":{"unit":"vh","size":"","sizes":[]},"background_background":"classic","background_image":{"url":"","id":"","alt":"","source":"library"},"background_position":"top center","background_bg_width":{"unit":"vw","size":34,"sizes":[]},"background_bg_width_tablet":{"unit":"vw","size":"","sizes":[]},"background_bg_width_mobile":{"unit":"vw","size":"","sizes":[]},"background_overlay_background":"classic","background_overlay_image":{"url":"http:\/\/tykit.rometheme.pro\/credice\/wp-content\/uploads\/sites\/66\/2022\/06\/bg2.jpg","id":250,"alt":"","source":"library"},"background_overlay_position":"center center","background_overlay_size":"cover","background_overlay_bg_width":{"unit":"vw","size":35,"sizes":[]},"background_overlay_bg_width_tablet":{"unit":"vw","size":"","sizes":[]},"background_overlay_bg_width_mobile":{"unit":"vw","size":"","sizes":[]},"background_overlay_opacity":{"unit":"px","size":0.2,"sizes":[]},"css_filters_css_filter":"custom","css_filters_saturate":{"unit":"px","size":0,"sizes":[]},"__globals__":{"background_color":"globals\/colors?id=secondary"},"_title":"Header Heading Section"},"elements":[{"id":"325006cf","settings":{"_column_size":100,"_inline_size":null,"space_between_widgets":10},"elements":[{"id":"3bbbac0c","settings":{"title":"Services","header_size":"h1","align":"center","__globals__":{"title_color":"globals\/colors?id=ca42620","typography_typography":"globals\/typography?id=89aa5e9"}},"elements":[],"isInner":false,"widgetType":"heading","elType":"widget"},{"id":"5cdff50f","settings":{"editor":"<p><a href=\"#\">Home<\/a> \/ <a href=\"#\">Services<\/a> \/ Investemnt Insurance<\/p>","align":"center","__globals__":{"typography_typography":"globals\/typography?id=4381534","text_color":"globals\/colors?id=ca42620"}},"elements":[],"isInner":false,"widgetType":"text-editor","elType":"widget"}],"isInner":false,"elType":"column"}],"isInner":false,"elType":"section"},{"id":"5ec798dd","settings":{"overflow":"hidden","structure":"20","background_background":"classic","background_image":{"url":"http:\/\/tykit.rometheme.pro\/credice\/wp-content\/uploads\/sites\/66\/2022\/05\/bgs2.1.png","id":47,"alt":"","source":"library"},"background_position":"center left","background_repeat":"no-repeat","background_size":"initial","background_bg_width":{"unit":"vw","size":15,"sizes":[]},"background_bg_width_tablet":{"unit":"px","size":200,"sizes":[]},"background_bg_width_mobile":{"unit":"vw","size":20,"sizes":[]},"background_overlay_background":"classic","background_overlay_image":{"url":"","id":"","alt":"","source":"library"},"background_overlay_position":"bottom right","background_overlay_repeat":"no-repeat","background_overlay_size":"initial","background_overlay_bg_width":{"unit":"vw","size":15,"sizes":[]},"background_overlay_bg_width_tablet":{"unit":"px","size":150,"sizes":[]},"background_overlay_bg_width_mobile":{"unit":"px","size":95,"sizes":[]},"background_overlay_opacity":{"unit":"px","size":0.15,"sizes":[]},"padding":{"unit":"em","top":"6","right":"1","bottom":"1","left":"1","isLinked":false},"padding_tablet":{"unit":"em","top":"","right":"","bottom":"","left":"","isLinked":true},"padding_mobile":{"unit":"em","top":"","right":"","bottom":"","left":"","isLinked":true},"_title":"Service Detail Section"},"elements":[{"id":"14ee9465","settings":{"_column_size":50,"_inline_size":null,"_inline_size_tablet":100,"padding":{"unit":"em","top":"1","right":"1","bottom":"1","left":"1","isLinked":true},"padding_tablet":{"unit":"em","top":"","right":"","bottom":"","left":"","isLinked":true},"padding_mobile":{"unit":"em","top":"","right":"","bottom":"","left":"","isLinked":true}},"elements":[{"id":"7e8b2245","settings":{"image":{"url":"http:\/\/tykit.rometheme.pro\/credice\/wp-content\/uploads\/sites\/66\/2022\/06\/portrait-of-happy-excited-black-married-couple-rea-2021-09-02-07-17-59-utc.jpg","id":287,"alt":"","source":"library"},"image_size":"full"},"elements":[],"isInner":false,"widgetType":"image","elType":"widget"}],"isInner":false,"elType":"column"},{"id":"39cacae9","settings":{"_column_size":50,"_inline_size":null,"_inline_size_tablet":100,"content_position":"center","padding":{"unit":"em","top":"1","right":"1","bottom":"1","left":"1","isLinked":true},"padding_tablet":{"unit":"em","top":"","right":"","bottom":"","left":"","isLinked":true},"padding_mobile":{"unit":"em","top":"","right":"","bottom":"","left":"","isLinked":true}},"elements":[{"id":"33110363","settings":{"title":"Investemnt Insurance","align":"left","__globals__":{"typography_typography":"globals\/typography?id=9b2799d"}},"elements":[],"isInner":false,"widgetType":"heading","elType":"widget"},{"id":"ae6ac46","settings":{"editor":"<p><em><strong>Lorem ipsum dolor sit amet, consectetur adipiscing elit. Ut elit tellus, luctus nec ullamcorper mattis, pulvinar dapibus leo.<\/strong><\/em><\/p>","__globals__":{"typography_typography":"globals\/typography?id=text"}},"elements":[],"isInner":false,"widgetType":"text-editor","elType":"widget"},{"id":"3fcf6805","settings":{"editor":"<p>Duis pulvinar massa eget nunc feugiat dictum sed a purus. Sed cursus massa non arcu tempus, nec consectetur turpis semper. In placerat nibh ac magna auctor, nec efficitur sapien maximus. Phasellus vel lacus urna.\u00a0<\/p><p>Phasellus sed faucibus quam. Curabitur posuere urna sit amet placerat accumsan. Nulla interdum nunc ut ex semper faucibus. Integer sit amet condimentum massa. Orci varius natoque penatibus et magnis dis parturient montes, nascetur ridiculus mus. Sed porttitor consequat libero ac viverra. Nunc sed ante non sem congue congue.<\/p>","__globals__":{"typography_typography":"globals\/typography?id=text"}},"elements":[],"isInner":false,"widgetType":"text-editor","elType":"widget"}],"isInner":false,"elType":"column"}],"isInner":false,"elType":"section"},{"id":"7a24cce1","settings":{"structure":"20","background_overlay_background":"classic","background_overlay_image":{"url":"http:\/\/tykit.rometheme.pro\/credice\/wp-content\/uploads\/sites\/66\/2022\/05\/bgs2.2.png","id":48,"alt":"","source":"library"},"background_overlay_position":"bottom right","background_overlay_repeat":"no-repeat","background_overlay_size":"initial","background_overlay_bg_width":{"unit":"vw","size":12,"sizes":[]},"background_overlay_bg_width_tablet":{"unit":"vw","size":"","sizes":[]},"background_overlay_bg_width_mobile":{"unit":"vw","size":"","sizes":[]},"background_overlay_opacity":{"unit":"px","size":0.15,"sizes":[]},"padding":{"unit":"em","top":"1","right":"1","bottom":"6","left":"1","isLinked":false},"padding_tablet":{"unit":"em","top":"","right":"","bottom":"","left":"","isLinked":true},"padding_mobile":{"unit":"em","top":"","right":"","bottom":"","left":"","isLinked":true},"_title":"Description Section"},"elements":[{"id":"7afb606d","settings":{"_column_size":50,"_inline_size":25,"_inline_size_tablet":50,"background_background":"classic","margin":{"unit":"%","top":"","right":"","bottom":"","left":"","isLinked":true},"margin_tablet":{"unit":"%","top":"","right":"","bottom":"","left":"","isLinked":true},"margin_mobile":{"unit":"%","top":"","right":"","bottom":"","left":"","isLinked":true},"padding":{"unit":"em","top":"1","right":"1","bottom":"1","left":"1","isLinked":true},"padding_tablet":{"unit":"em","top":"","right":"","bottom":"","left":"","isLinked":true},"padding_mobile":{"unit":"em","top":"","right":"","bottom":"","left":"","isLinked":true},"__globals__":{"background_color":""}},"elements":[{"id":"540d2346","settings":[],"elements":[{"id":"30a34650","settings":{"_column_size":100,"_inline_size":null,"background_background":"classic","padding":{"unit":"em","top":"2","right":"2","bottom":"2","left":"2","isLinked":true},"padding_tablet":{"unit":"em","top":"","right":"","bottom":"","left":"","isLinked":true},"padding_mobile":{"unit":"em","top":"","right":"","bottom":"","left":"","isLinked":true},"__globals__":{"background_color":"globals\/colors?id=secondary"}},"elements":[{"id":"61650c98","settings":{"editor":"<p><strong>Payement :<\/strong>\u00a0 $1500 - $2500<\/p><p><strong>Grace Period :\u00a0<\/strong>Up to 30 Day<\/p><p><strong>Support :<\/strong> 24 Hrs<\/p><p><strong>Policy Modification :<\/strong> Online<\/p><p><strong>Number Of People : <\/strong>Max 5<\/p>","_margin":{"unit":"%","top":"0","right":"0","bottom":"-4","left":"0","isLinked":false},"_margin_tablet":{"unit":"%","top":"","right":"","bottom":"","left":"","isLinked":true},"_margin_mobile":{"unit":"%","top":"","right":"","bottom":"","left":"","isLinked":true},"_padding_tablet":{"unit":"em","top":"","right":"","bottom":"","left":"","isLinked":true},"_padding_mobile":{"unit":"em","top":"","right":"","bottom":"","left":"","isLinked":true},"__globals__":{"typography_typography":"globals\/typography?id=70aec27","text_color":"globals\/colors?id=ca42620"}},"elements":[],"isInner":false,"widgetType":"text-editor","elType":"widget"}],"isInner":true,"elType":"column"}],"isInner":true,"elType":"section"}],"isInner":false,"elType":"column"},{"id":"5061ca5e","settings":{"_column_size":50,"_inline_size":75,"_inline_size_tablet":100,"padding":{"unit":"em","top":"1","right":"1","bottom":"1","left":"1","isLinked":true},"padding_tablet":{"unit":"em","top":"","right":"","bottom":"","left":"","isLinked":true},"padding_mobile":{"unit":"em","top":"","right":"","bottom":"","left":"","isLinked":true}},"elements":[{"id":"301be6c8","settings":{"editor":"<p>Phasellus nec lorem sollicitudin, blandit augue ac, vestibulum metus. Sed malesuada, enim sed porttitor dignissim, urna neque euismod tortor, id convallis nulla massa eu ipsum. Curabitur in erat leo. Mauris vel sollicitudin turpis. Integer at euismod elit. Nulla rhoncus tristique leo vitae sagittis. Maecenas suscipit tempus erat.<\/p>"},"elements":[],"isInner":false,"widgetType":"text-editor","elType":"widget"},{"id":"5002c9a8","settings":{"structure":"20"},"elements":[{"id":"15b10056","settings":{"_column_size":50,"_inline_size":39.628,"_inline_size_tablet":100,"border_border":"solid","border_width":{"unit":"px","top":"1","right":"1","bottom":"1","left":"1","isLinked":true},"margin":{"unit":"%","top":"1","right":"1","bottom":"1","left":"1","isLinked":true},"margin_tablet":{"unit":"%","top":"1","right":"40","bottom":"1","left":"1","isLinked":false},"margin_mobile":{"unit":"%","top":"1","right":"1","bottom":"1","left":"1","isLinked":true},"padding":{"unit":"em","top":"1","right":"1","bottom":"1","left":"1","isLinked":true},"padding_tablet":{"unit":"em","top":"","right":"","bottom":"","left":"","isLinked":true},"padding_mobile":{"unit":"em","top":"","right":"","bottom":"","left":"","isLinked":true},"__globals__":{"border_color":"globals\/colors?id=0abfcda"}},"elements":[{"id":"38e8537e","settings":{"selected_icon":{"value":"fas fa-file-pdf","library":"fa-solid"},"title_text":"download our brochure","description_text":"Document size : 150kb","link":{"url":"#","is_external":"","nofollow":"","custom_attributes":""},"position":"left","position_mobile":"left","title_size":"h5","icon_space":{"unit":"px","size":20,"sizes":[]},"content_vertical_alignment":"middle","title_bottom_space":{"unit":"px","size":5,"sizes":[]},"_border_width":{"unit":"px","top":"1","right":"1","bottom":"1","left":"1","isLinked":true},"__globals__":{"primary_color":"globals\/colors?id=primary","hover_primary_color":"globals\/colors?id=secondary","_border_color":"globals\/colors?id=0abfcda","title_typography_typography":"globals\/typography?id=4381534","description_typography_typography":"globals\/typography?id=text"}},"elements":[],"isInner":false,"widgetType":"icon-box","elType":"widget"}],"isInner":true,"elType":"column"},{"id":"300a7a2e","settings":{"_column_size":50,"_inline_size":60.372,"_inline_size_tablet":100,"border_border":"solid","border_width":{"unit":"px","top":"1","right":"1","bottom":"1","left":"1","isLinked":true},"margin":{"unit":"%","top":"1","right":"35","bottom":"1","left":"1","isLinked":false},"margin_tablet":{"unit":"%","top":"1","right":"40","bottom":"1","left":"1","isLinked":false},"margin_mobile":{"unit":"%","top":"1","right":"1","bottom":"1","left":"1","isLinked":true},"padding":{"unit":"em","top":"1","right":"1","bottom":"1","left":"1","isLinked":true},"padding_tablet":{"unit":"em","top":"","right":"","bottom":"","left":"","isLinked":true},"padding_mobile":{"unit":"em","top":"","right":"","bottom":"","left":"","isLinked":true},"__globals__":{"border_color":"globals\/colors?id=0abfcda"}},"elements":[{"id":"1aea1ff1","settings":{"selected_icon":{"value":"fas fa-file-pdf","library":"fa-solid"},"title_text":"download our Policies","description_text":"Document size : 150kb","link":{"url":"#","is_external":"","nofollow":"","custom_attributes":""},"position":"left","position_mobile":"left","title_size":"h5","icon_space":{"unit":"px","size":20,"sizes":[]},"content_vertical_alignment":"middle","title_bottom_space":{"unit":"px","size":5,"sizes":[]},"_border_width":{"unit":"px","top":"1","right":"1","bottom":"1","left":"1","isLinked":true},"__globals__":{"primary_color":"globals\/colors?id=primary","hover_primary_color":"globals\/colors?id=secondary","_border_color":"globals\/colors?id=0abfcda","title_typography_typography":"globals\/typography?id=4381534","description_typography_typography":"globals\/typography?id=text"}},"elements":[],"isInner":false,"widgetType":"icon-box","elType":"widget"}],"isInner":true,"elType":"column"}],"isInner":true,"elType":"section"}],"isInner":false,"elType":"column"}],"isInner":false,"elType":"section"},{"id":"74d75615","settings":{"structure":"20","background_overlay_background":"classic","background_overlay_image":{"url":"","id":"","alt":"","source":"library"},"background_overlay_position":"bottom right","background_overlay_repeat":"no-repeat","background_overlay_size":"initial","background_overlay_bg_width":{"unit":"vw","size":12,"sizes":[]},"background_overlay_bg_width_tablet":{"unit":"vw","size":"","sizes":[]},"background_overlay_bg_width_mobile":{"unit":"vw","size":"","sizes":[]},"background_overlay_opacity":{"unit":"px","size":0.15,"sizes":[]},"padding":{"unit":"em","top":"1","right":"1","bottom":"6","left":"1","isLinked":false},"padding_tablet":{"unit":"em","top":"","right":"","bottom":"","left":"","isLinked":true},"padding_mobile":{"unit":"em","top":"","right":"","bottom":"","left":"","isLinked":true},"_title":"Testimonial Section"},"elements":[{"id":"1c8e1ed8","settings":{"_column_size":50,"_inline_size":35,"_inline_size_tablet":100,"padding":{"unit":"em","top":"1","right":"1","bottom":"1","left":"1","isLinked":true},"padding_tablet":{"unit":"em","top":"","right":"","bottom":"","left":"","isLinked":true},"padding_mobile":{"unit":"em","top":"","right":"","bottom":"","left":"","isLinked":true}},"elements":[{"id":"69de4a6d","settings":{"title":"testimonial","header_size":"h6","align":"left","align_tablet":"left","__globals__":{"typography_typography":"globals\/typography?id=ce6e115","title_color":"globals\/colors?id=secondary"}},"elements":[],"isInner":false,"widgetType":"heading","elType":"widget"},{"id":"10664b35","settings":{"title":"what they say about our services","align":"left","align_tablet":"left","__globals__":{"typography_typography":"globals\/typography?id=9b2799d"}},"elements":[],"isInner":false,"widgetType":"heading","elType":"widget"},{"id":"412f68dc","settings":{"align_tablet":"left","__globals__":{"typography_typography":"globals\/typography?id=text"}},"elements":[],"isInner":false,"widgetType":"text-editor","elType":"widget"}],"isInner":false,"elType":"column"},{"id":"51235ac1","settings":{"_column_size":50,"_inline_size":65,"background_background":"classic","__globals__":{"background_color":"globals\/colors?id=081f9b1"},"animation":"none","_inline_size_tablet":100,"content_position":"center","margin":{"unit":"%","top":"1","right":"1","bottom":"1","left":"1","isLinked":true},"margin_tablet":{"unit":"%","top":"","right":"","bottom":"","left":"","isLinked":true},"margin_mobile":{"unit":"%","top":"","right":"","bottom":"","left":"","isLinked":true}},"elements":[{"id":"35249291","settings":{"slides":[{"content":"Lorem ipsum dolor sit amet, consectetur adipiscing elit. Ut elit tellus, luctus nec ullamcorper mattis, pulvinar dapibus leo.","name":"Dyas Kardinal","title":"CEO","image":{"url":"http:\/\/tykit.rometheme.pro\/credice\/wp-content\/uploads\/sites\/66\/2022\/05\/team-1.jpg","id":85,"alt":"","source":"library"},"_id":"322d123"},{"content":"Lorem ipsum dolor sit amet, consectetur adipiscing elit. Ut elit tellus, luctus nec ullamcorper mattis, pulvinar dapibus leo.","name":"Elsa Verina","title":"CEO","image":{"url":"http:\/\/tykit.rometheme.pro\/credice\/wp-content\/uploads\/sites\/66\/2022\/05\/team-4.jpg","id":88,"alt":"","source":"library"},"_id":"babe1b5"},{"content":"Lorem ipsum dolor sit amet, consectetur adipiscing elit. Ut elit tellus, luctus nec ullamcorper mattis, pulvinar dapibus leo.","name":"Kumto Warming","title":"CEO","image":{"url":"http:\/\/tykit.rometheme.pro\/credice\/wp-content\/uploads\/sites\/66\/2022\/05\/team-3.jpg","id":87,"alt":"","source":"library"},"_id":"45c04f9"},{"content":"Lorem ipsum dolor sit amet, consectetur adipiscing elit. Ut elit tellus, luctus nec ullamcorper mattis, pulvinar dapibus leo.","name":"Puri Maha","title":"CEO","image":{"url":"http:\/\/tykit.rometheme.pro\/credice\/wp-content\/uploads\/sites\/66\/2022\/05\/team-2.jpg","id":86,"alt":"","source":"library"},"_id":"7cb95d0"}],"slides_per_view":"2","slides_to_scroll":"1","show_arrows":"","pagination":"","speed":2500,"autoplay_speed":2500,"__globals__":{"content_typography_typography":"globals\/typography?id=05ac879","title_typography_typography":"globals\/typography?id=text","name_typography_typography":"globals\/typography?id=05ac879","name_color":"globals\/colors?id=primary","content_color":"globals\/colors?id=text","title_color":"globals\/colors?id=text"},"slides_per_view_tablet":"2","slides_to_scroll_tablet":"1","alignment":"left","alignment_tablet":"left"},"elements":[],"isInner":false,"widgetType":"testimonial-carousel","elType":"widget"}],"isInner":false,"elType":"column"}],"isInner":false,"elType":"section"}],"settings":{"template":"elementor_header_footer","hide_title":"yes"},"metadata":[]}