{"content":[{"id":"4c20b4af","settings":{"height":"min-height","custom_height":{"unit":"vh","size":35,"sizes":[]},"custom_height_tablet":{"unit":"vh","size":"","sizes":[]},"custom_height_mobile":{"unit":"vh","size":"","sizes":[]},"background_background":"classic","background_image":{"url":"","id":"","alt":"","source":"library"},"background_position":"top center","background_bg_width":{"unit":"vw","size":34,"sizes":[]},"background_bg_width_tablet":{"unit":"vw","size":"","sizes":[]},"background_bg_width_mobile":{"unit":"vw","size":"","sizes":[]},"background_overlay_background":"classic","background_overlay_image":{"url":"http:\/\/tykit.rometheme.pro\/credice\/wp-content\/uploads\/sites\/66\/2022\/06\/bg2.jpg","id":250,"alt":"","source":"library"},"background_overlay_position":"center center","background_overlay_size":"cover","background_overlay_bg_width":{"unit":"vw","size":35,"sizes":[]},"background_overlay_bg_width_tablet":{"unit":"vw","size":"","sizes":[]},"background_overlay_bg_width_mobile":{"unit":"vw","size":"","sizes":[]},"background_overlay_opacity":{"unit":"px","size":0.2,"sizes":[]},"css_filters_css_filter":"custom","css_filters_saturate":{"unit":"px","size":0,"sizes":[]},"__globals__":{"background_color":"globals\/colors?id=secondary"},"_title":"Header Heading Section"},"elements":[{"id":"29621809","settings":{"_column_size":100,"_inline_size":null,"space_between_widgets":10},"elements":[{"id":"35bc885c","settings":{"title":"Case Study","header_size":"h1","align":"center","__globals__":{"title_color":"globals\/colors?id=ca42620","typography_typography":"globals\/typography?id=89aa5e9"}},"elements":[],"isInner":false,"widgetType":"heading","elType":"widget"},{"id":"76b6125","settings":{"editor":"<p><a href=\"#\">Home<\/a> \/ Education<\/p>","align":"center","__globals__":{"typography_typography":"globals\/typography?id=4381534","text_color":"globals\/colors?id=ca42620"}},"elements":[],"isInner":false,"widgetType":"text-editor","elType":"widget"}],"isInner":false,"elType":"column"}],"isInner":false,"elType":"section"},{"id":"5da44b07","settings":{"overflow":"hidden","structure":"20","background_background":"classic","background_image":{"url":"http:\/\/tykit.rometheme.pro\/credice\/wp-content\/uploads\/sites\/66\/2022\/05\/bgs2.1.png","id":47,"alt":"","source":"library"},"background_position":"center left","background_repeat":"no-repeat","background_size":"initial","background_bg_width":{"unit":"vw","size":15,"sizes":[]},"background_bg_width_tablet":{"unit":"vw","size":20,"sizes":[]},"background_bg_width_mobile":{"unit":"vw","size":20,"sizes":[]},"background_overlay_background":"classic","background_overlay_image":{"url":"","id":"","alt":"","source":"library"},"background_overlay_position":"bottom right","background_overlay_repeat":"no-repeat","background_overlay_size":"initial","background_overlay_bg_width":{"unit":"vw","size":15,"sizes":[]},"background_overlay_bg_width_tablet":{"unit":"px","size":150,"sizes":[]},"background_overlay_bg_width_mobile":{"unit":"px","size":95,"sizes":[]},"background_overlay_opacity":{"unit":"px","size":0.15,"sizes":[]},"padding":{"unit":"em","top":"6","right":"1","bottom":"0","left":"1","isLinked":false},"padding_tablet":{"unit":"em","top":"","right":"","bottom":"","left":"","isLinked":true},"padding_mobile":{"unit":"em","top":"","right":"","bottom":"","left":"","isLinked":true},"reverse_order_tablet":"reverse-tablet","reverse_order_mobile":"reverse-mobile","_title":"Case Study 1 Section"},"elements":[{"id":"2e1e7804","settings":{"_column_size":50,"_inline_size":null,"padding":{"unit":"em","top":"1","right":"1","bottom":"1","left":"1","isLinked":true},"padding_tablet":{"unit":"em","top":"","right":"","bottom":"","left":"","isLinked":true},"padding_mobile":{"unit":"em","top":"","right":"","bottom":"","left":"","isLinked":true},"_inline_size_tablet":100,"content_position":"center"},"elements":[{"id":"8063e74","settings":{"title":"choosing the best education is an important step for the future.","header_size":"h3","align":"left","__globals__":{"typography_typography":"globals\/typography?id=d478caa"}},"elements":[],"isInner":false,"widgetType":"heading","elType":"widget"},{"id":"2c579a01","settings":{"editor":"<p><strong>Lorem ipsum dolor sit amet, consectetur adipiscing elit. Sed faucibus tempor laoreet. Nunc vel odio ut velit tincidunt faucibus. Vestibulum id porttitor mauris.<\/strong><\/p>","__globals__":{"typography_typography":"globals\/typography?id=text"}},"elements":[],"isInner":false,"widgetType":"text-editor","elType":"widget"},{"id":"5778acd9","settings":{"editor":"<p>Phasellus nec lorem sollicitudin, blandit augue ac, vestibulum metus. Sed malesuada, enim sed porttitor dignissim, urna neque euismod tortor, id convallis nulla massa eu ipsum. Curabitur in erat leo. Mauris vel sollicitudin turpis. Integer at euismod elit. Nulla rhoncus tristique leo vitae sagittis. Maecenas suscipit tempus erat. Duis lacinia ipsum in porta viverra. Fusce sed ipsum nisi. Maecenas in neque sit amet ligula tempus ultrices. Morbi et sapien ac sapien porttitor faucibus.<\/p>","__globals__":{"typography_typography":"globals\/typography?id=text"}},"elements":[],"isInner":false,"widgetType":"text-editor","elType":"widget"},{"id":"329fbef3","settings":{"editor":"<p><span style=\"color: #000000;\"><strong>Client :<\/strong><\/span>\u00a0 Dyas Kardinal<\/p><p><span style=\"color: #000000;\"><strong>Date : <\/strong><\/span>1 - Jun - 2022<\/p><p><strong><span style=\"color: #000000;\">Time<\/span> :<\/strong> 5 Month<\/p>","_margin":{"unit":"%","top":"0","right":"0","bottom":"0","left":"0","isLinked":false},"_margin_tablet":{"unit":"%","top":"","right":"","bottom":"","left":"","isLinked":true},"_margin_mobile":{"unit":"%","top":"","right":"","bottom":"","left":"","isLinked":true},"_padding_tablet":{"unit":"em","top":"","right":"","bottom":"","left":"","isLinked":true},"_padding_mobile":{"unit":"em","top":"","right":"","bottom":"","left":"","isLinked":true},"_element_width":"auto","__globals__":{"typography_typography":"globals\/typography?id=70aec27","text_color":"globals\/colors?id=text"}},"elements":[],"isInner":false,"widgetType":"text-editor","elType":"widget"},{"id":"5a05abc9","settings":{"editor":"<p><span style=\"color: #000000;\"><strong>Location :<\/strong><\/span>\u00a0 New Zeland<\/p><p><span style=\"color: #000000;\"><strong>Category : <\/strong><\/span>Education Insurance<\/p>","_margin":{"unit":"%","top":"0","right":"0","bottom":"0","left":"0","isLinked":false},"_margin_tablet":{"unit":"%","top":"","right":"","bottom":"","left":"","isLinked":true},"_margin_mobile":{"unit":"%","top":"","right":"","bottom":"","left":"","isLinked":true},"_padding":{"unit":"em","top":"0","right":"0","bottom":"0","left":"4","isLinked":false},"_padding_tablet":{"unit":"em","top":"","right":"","bottom":"","left":"","isLinked":true},"_padding_mobile":{"unit":"em","top":"","right":"","bottom":"","left":"","isLinked":true},"_element_width":"auto","__globals__":{"typography_typography":"globals\/typography?id=70aec27","text_color":"globals\/colors?id=text"},"_element_vertical_align":"flex-start"},"elements":[],"isInner":false,"widgetType":"text-editor","elType":"widget"}],"isInner":false,"elType":"column"},{"id":"655de46f","settings":{"_column_size":50,"_inline_size":null,"padding":{"unit":"em","top":"1","right":"1","bottom":"1","left":"1","isLinked":true},"padding_tablet":{"unit":"em","top":"","right":"","bottom":"","left":"","isLinked":true},"padding_mobile":{"unit":"em","top":"","right":"","bottom":"","left":"","isLinked":true},"_inline_size_tablet":100},"elements":[{"id":"685cefa3","settings":{"image":{"url":"http:\/\/tykit.rometheme.pro\/credice\/wp-content\/uploads\/sites\/66\/2022\/05\/smiling-african-boy-doing-homework-with-mom-2022-02-01-22-37-03-utc.jpg","id":24,"alt":"","source":"library"},"image_size":"full"},"elements":[],"isInner":false,"widgetType":"image","elType":"widget"}],"isInner":false,"elType":"column"}],"isInner":false,"elType":"section"},{"id":"540996e7","settings":{"background_overlay_background":"classic","background_overlay_image":{"url":"","id":"","alt":"","source":"library"},"background_overlay_position":"bottom right","background_overlay_repeat":"no-repeat","background_overlay_size":"initial","background_overlay_bg_width":{"unit":"vw","size":10,"sizes":[]},"background_overlay_bg_width_tablet":{"unit":"vw","size":"","sizes":[]},"background_overlay_bg_width_mobile":{"unit":"vw","size":"","sizes":[]},"background_overlay_opacity":{"unit":"px","size":0.15,"sizes":[]},"padding":{"unit":"em","top":"0","right":"1","bottom":"2","left":"1","isLinked":false},"padding_tablet":{"unit":"em","top":"","right":"","bottom":"","left":"","isLinked":true},"padding_mobile":{"unit":"em","top":"","right":"","bottom":"","left":"","isLinked":true},"_title":"Case Study 2 Section"},"elements":[{"id":"348b8776","settings":{"_column_size":100,"_inline_size":null,"padding":{"unit":"em","top":"1","right":"1","bottom":"1","left":"1","isLinked":true},"padding_tablet":{"unit":"em","top":"","right":"","bottom":"","left":"","isLinked":true},"padding_mobile":{"unit":"em","top":"","right":"","bottom":"","left":"","isLinked":true}},"elements":[{"id":"6968753c","settings":{"tabs":[{"tab_title":"Challange","tab_content":"<p>Lorem ipsum dolor sit amet, consectetur adipiscing elit. Sed faucibus tempor laoreet. Nunc vel odio ut velit tincidunt faucibus. Vestibulum id porttitor mauris. Phasellus sed faucibus quam. Curabitur posuere urna sit amet placerat accumsan. Nulla interdum nunc ut ex semper faucibus. Integer sit amet condimentum massa. Orci varius natoque penatibus et magnis dis parturient montes, nascetur ridiculus mus. Sed porttitor consequat libero ac viverra. Nunc sed ante non sem congue congue. Etiam posuere risus sed nisi pretium, non bibendum nulla consequat. Fusce ut lobortis urna. Nam auctor porta dignissim.<\/p>","_id":"3e87091"},{"tab_title":"Soultion","tab_content":"<p>Phasellus nec lorem sollicitudin, blandit augue ac, vestibulum metus. Sed malesuada, enim sed porttitor dignissim, urna neque euismod tortor, id convallis nulla massa eu ipsum. Curabitur in erat leo. Mauris vel sollicitudin turpis. Integer at euismod elit. Nulla rhoncus tristique leo vitae sagittis. Maecenas suscipit tempus erat. Duis lacinia ipsum in porta viverra. Fusce sed ipsum nisi. Maecenas in neque sit amet ligula tempus ultrices. Morbi et sapien ac sapien porttitor faucibus. Suspendisse ultrices lectus nisi, at lacinia arcu eleifend ac. In vitae massa sit amet enim vulputate dignissim. Donec sed libero diam. Mauris commodo libero congue mollis auctor. Vestibulum quis molestie ligula, et facilisis diam.<\/p>","_id":"6cff116"},{"tab_title":"Result","tab_content":"<p>Suspendisse hendrerit sed sapien eget tempor. Etiam eu vestibulum risus, et dignissim turpis. Pellentesque habitant morbi tristique senectus et netus et malesuada fames ac turpis egestas. Cras et nunc eros. Ut cursus consequat lectus ac laoreet. Suspendisse fermentum, velit sit amet rhoncus laoreet, magna diam varius massa, eu hendrerit augue nunc ac nunc. Integer in dignissim magna. Fusce gravida justo id mauris tempor feugiat.Nulla molestie, urna ut maximus vestibulum, leo dolor pretium est, vitae mollis odio est sit amet risus. Mauris sagittis finibus neque a facilisis. Fusce at nunc tempor, accumsan enim a, ultrices massa.<\/p>","_id":"d5fa990"}],"__globals__":{"tab_typography_typography":"globals\/typography?id=05ac879","tab_active_color":"globals\/colors?id=secondary","tab_color":"globals\/colors?id=primary","background_color":"globals\/colors?id=ca42620","content_typography_typography":"globals\/typography?id=text","content_color":"globals\/colors?id=text","border_color":"globals\/colors?id=0abfcda"}},"elements":[],"isInner":false,"widgetType":"tabs","elType":"widget"}],"isInner":false,"elType":"column"}],"isInner":false,"elType":"section"},{"id":"9e6fcd2","settings":{"structure":"20","background_overlay_background":"classic","background_overlay_image":{"url":"","id":"","alt":"","source":"library"},"background_overlay_position":"top left","background_overlay_repeat":"no-repeat","background_overlay_size":"initial","background_overlay_bg_width":{"unit":"vw","size":10,"sizes":[]},"background_overlay_opacity":{"unit":"px","size":0.15,"sizes":[]},"padding":{"unit":"em","top":"3","right":"1","bottom":"1","left":"1","isLinked":false},"padding_tablet":{"unit":"em","top":"","right":"","bottom":"","left":"","isLinked":true},"padding_mobile":{"unit":"em","top":"","right":"","bottom":"","left":"","isLinked":true},"_title":"Blog Heading Section","background_overlay_bg_width_tablet":{"unit":"vw","size":"","sizes":[]},"background_overlay_bg_width_mobile":{"unit":"vw","size":"","sizes":[]}},"elements":[{"id":"5c69dfc9","settings":{"_column_size":50,"_inline_size":null,"padding":{"unit":"em","top":"1","right":"1","bottom":"1","left":"1","isLinked":true},"padding_tablet":{"unit":"em","top":"","right":"","bottom":"","left":"","isLinked":true},"padding_mobile":{"unit":"em","top":"","right":"","bottom":"","left":"","isLinked":true}},"elements":[{"id":"1eb2a2e","settings":{"title":"newsletter","header_size":"h6","align":"left","__globals__":{"typography_typography":"globals\/typography?id=ce6e115","title_color":"globals\/colors?id=secondary"},"align_mobile":"center"},"elements":[],"isInner":false,"widgetType":"heading","elType":"widget"},{"id":"4a1ff424","settings":{"title":"our latest newsletter","align":"left","__globals__":{"typography_typography":"globals\/typography?id=9b2799d"},"align_mobile":"center"},"elements":[],"isInner":false,"widgetType":"heading","elType":"widget"}],"isInner":false,"elType":"column"},{"id":"24fdbff","settings":{"_column_size":50,"_inline_size":null,"content_position":"bottom","padding":{"unit":"em","top":"1","right":"1","bottom":"1","left":"1","isLinked":true},"padding_tablet":{"unit":"em","top":"","right":"","bottom":"","left":"","isLinked":true},"padding_mobile":{"unit":"em","top":"","right":"","bottom":"","left":"","isLinked":true}},"elements":[{"id":"3e8a22ca","settings":{"text":"all newsletter","align":"right","align_mobile":"center","__globals__":{"hover_color":"globals\/colors?id=ca42620","button_background_hover_color":"globals\/colors?id=secondary"}},"elements":[],"isInner":false,"widgetType":"button","elType":"widget"}],"isInner":false,"elType":"column"}],"isInner":false,"elType":"section"},{"id":"1ce7a6c9","settings":{"background_background":"classic","background_image":{"url":"http:\/\/tykit.rometheme.pro\/credice\/wp-content\/uploads\/sites\/66\/2022\/05\/bgs2.3.png","id":81,"alt":"","source":"library"},"background_position":"center right","background_repeat":"no-repeat","background_size":"initial","background_bg_width":{"unit":"vw","size":15,"sizes":[]},"background_overlay_background":"classic","background_overlay_image":{"url":"","id":"","alt":"","source":"library"},"background_overlay_position":"top left","background_overlay_repeat":"no-repeat","background_overlay_size":"initial","background_overlay_bg_width":{"unit":"%","size":10,"sizes":[]},"background_overlay_opacity":{"unit":"px","size":0.15,"sizes":[]},"padding":{"unit":"em","top":"0","right":"1","bottom":"6","left":"1","isLinked":false},"padding_tablet":{"unit":"em","top":"","right":"","bottom":"","left":"","isLinked":true},"padding_mobile":{"unit":"em","top":"","right":"","bottom":"","left":"","isLinked":true},"_title":"Blog Section","background_bg_width_tablet":{"unit":"vw","size":"","sizes":[]},"background_bg_width_mobile":{"unit":"vw","size":"","sizes":[]}},"elements":[{"id":"4320933b","settings":{"_column_size":100,"_inline_size":null,"padding":{"unit":"em","top":"1","right":"1","bottom":"1","left":"1","isLinked":true},"padding_tablet":{"unit":"em","top":"","right":"","bottom":"","left":"","isLinked":true},"padding_mobile":{"unit":"em","top":"","right":"","bottom":"","left":"","isLinked":true}},"elements":[{"id":"17f90d93","settings":{"_skin":"cards","classic_meta_separator":"\/\/\/","classic_read_more_text":"Read More \u00bb","cards_meta_separator":"\u2022","cards_show_read_more":"","cards_read_more_text":"Read More \u00bb","cards_show_avatar":"","full_content_meta_separator":"\/\/\/","pagination_page_limit":"5","pagination_prev_label":"&laquo; Previous","pagination_next_label":"Next &raquo;","text":"Load More","load_more_no_posts_custom_message":"No more posts to show","cards_posts_per_page":3,"cards_thumbnail_size_size":"full","cards_excerpt_length":20,"cards_show_badge":"","cards_card_border_width":{"unit":"px","size":1,"sizes":[]},"cards_box_shadow_box_shadow_type":"","cards_title_color":"#002D5F","cards_title_typography_typography":"custom","cards_title_typography_font_family":"Open Sans","cards_title_typography_font_size":{"unit":"px","size":22,"sizes":[]},"cards_title_typography_font_weight":"700","cards_title_typography_text_transform":"capitalize","cards_title_typography_line_height":{"unit":"em","size":1.1,"sizes":[]},"cards_title_typography_word_spacing":{"unit":"em","size":"","sizes":[]},"cards_title_spacing":{"unit":"px","size":15,"sizes":[]},"cards_excerpt_color":"#7A7A7A","cards_excerpt_typography_typography":"custom","cards_excerpt_typography_font_family":"Roboto","cards_excerpt_typography_font_size":{"unit":"px","size":16,"sizes":[]},"cards_excerpt_typography_font_weight":"400","cards_excerpt_spacing":{"unit":"px","size":30,"sizes":[]},"_margin":{"unit":"%","top":"0","right":"0","bottom":"0","left":"0","isLinked":false},"_margin_tablet":{"unit":"%","top":"","right":"","bottom":"","left":"","isLinked":true},"_margin_mobile":{"unit":"%","top":"","right":"","bottom":"","left":"","isLinked":true},"__globals__":{"cards_title_typography_typography":"globals\/typography?id=4381534","cards_title_color":"globals\/colors?id=primary","cards_excerpt_typography_typography":"globals\/typography?id=text","cards_excerpt_color":"globals\/colors?id=text","cards_meta_typography_typography":"globals\/typography?id=05ae05a","cards_meta_color":"globals\/colors?id=text","cards_meta_separator_color":"globals\/colors?id=0abfcda","cards_card_bg_color":"globals\/colors?id=ca42620","cards_meta_border_color":"globals\/colors?id=de5d5bd","cards_card_border_color":"globals\/colors?id=de5d5bd"},"cards_hover_effect":"none"},"elements":[],"isInner":false,"widgetType":"posts","elType":"widget"}],"isInner":false,"elType":"column"}],"isInner":false,"elType":"section"}],"settings":{"template":"elementor_header_footer","hide_title":"yes"},"metadata":[]}