{"content":[{"id":"2cfd43f","settings":{"height":"min-height","custom_height":{"unit":"vh","size":35,"sizes":[]},"custom_height_tablet":{"unit":"vh","size":"","sizes":[]},"custom_height_mobile":{"unit":"vh","size":"","sizes":[]},"background_background":"classic","background_image":{"url":"","id":"","alt":"","source":"library"},"background_position":"top center","background_bg_width":{"unit":"vw","size":34,"sizes":[]},"background_bg_width_tablet":{"unit":"vw","size":"","sizes":[]},"background_bg_width_mobile":{"unit":"vw","size":"","sizes":[]},"background_overlay_background":"classic","background_overlay_image":{"url":"http:\/\/tykit.rometheme.pro\/credice\/wp-content\/uploads\/sites\/66\/2022\/06\/bg2.jpg","id":250,"alt":"","source":"library"},"background_overlay_position":"center center","background_overlay_size":"cover","background_overlay_bg_width":{"unit":"vw","size":35,"sizes":[]},"background_overlay_bg_width_tablet":{"unit":"vw","size":"","sizes":[]},"background_overlay_bg_width_mobile":{"unit":"vw","size":"","sizes":[]},"background_overlay_opacity":{"unit":"px","size":0.2,"sizes":[]},"css_filters_css_filter":"custom","css_filters_saturate":{"unit":"px","size":0,"sizes":[]},"__globals__":{"background_color":"globals\/colors?id=secondary"},"_title":"Header Heading Section"},"elements":[{"id":"102b4806","settings":{"_column_size":100,"_inline_size":null,"space_between_widgets":10},"elements":[{"id":"31df204a","settings":{"title":"contact","header_size":"h1","align":"center","__globals__":{"title_color":"globals\/colors?id=ca42620","typography_typography":"globals\/typography?id=89aa5e9"}},"elements":[],"isInner":false,"widgetType":"heading","elType":"widget"},{"id":"69018cdf","settings":{"editor":"<p><a href=\"#\">Home<\/a> \/ Contact<\/p>","align":"center","__globals__":{"typography_typography":"globals\/typography?id=4381534","text_color":"globals\/colors?id=ca42620"}},"elements":[],"isInner":false,"widgetType":"text-editor","elType":"widget"}],"isInner":false,"elType":"column"}],"isInner":false,"elType":"section"},{"id":"bafc2c0","settings":{"structure":"20","padding":{"unit":"em","top":"6","right":"1","bottom":"6","left":"1","isLinked":false},"padding_tablet":{"unit":"em","top":"","right":"","bottom":"","left":"","isLinked":true},"padding_mobile":{"unit":"em","top":"","right":"","bottom":"","left":"","isLinked":true},"_title":"Contact Section"},"elements":[{"id":"59788559","settings":{"_column_size":50,"_inline_size":null,"_inline_size_tablet":100,"content_position":"center","padding":{"unit":"em","top":"1","right":"1","bottom":"1","left":"1","isLinked":true},"padding_tablet":{"unit":"em","top":"","right":"","bottom":"","left":"","isLinked":true},"padding_mobile":{"unit":"em","top":"","right":"","bottom":"","left":"","isLinked":true}},"elements":[{"id":"7efc2e4","settings":{"address":"London Eye, London, United Kingdom","height":{"unit":"px","size":375,"sizes":[]},"css_filters_css_filter":"custom","css_filters_saturate":{"unit":"px","size":0,"sizes":[]}},"elements":[],"isInner":false,"widgetType":"google_maps","elType":"widget"},{"id":"7537ce34","settings":{"margin":{"unit":"%","top":"-25","right":0,"bottom":"0","left":0,"isLinked":false},"margin_tablet":{"unit":"%","top":"","right":"","bottom":"","left":"","isLinked":true},"margin_mobile":{"unit":"%","top":"0","right":0,"bottom":"0","left":0,"isLinked":false},"z_index":1},"elements":[{"id":"7fd73436","settings":{"_column_size":100,"_inline_size":null,"background_background":"classic","background_overlay_background":"classic","background_overlay_image":{"url":"http:\/\/tykit.rometheme.pro\/credice\/wp-content\/uploads\/sites\/66\/2022\/05\/bgs2.5.png","id":112,"alt":"","source":"library"},"background_overlay_opacity":{"unit":"px","size":0.1,"sizes":[]},"box_shadow_box_shadow_type":"yes","box_shadow_box_shadow":{"horizontal":0,"vertical":10,"blur":10,"spread":0,"color":"rgba(0, 0, 0, 0.15)"},"margin":{"unit":"%","top":"0","right":"25","bottom":"0","left":"0","isLinked":false},"margin_tablet":{"unit":"%","top":"","right":"","bottom":"","left":"","isLinked":true},"margin_mobile":{"unit":"%","top":"0","right":"0","bottom":"0","left":"0","isLinked":false},"padding":{"unit":"em","top":"2","right":"2","bottom":"2","left":"2","isLinked":true},"padding_tablet":{"unit":"em","top":"","right":"","bottom":"","left":"","isLinked":true},"padding_mobile":{"unit":"em","top":"2","right":"2","bottom":"2","left":"2","isLinked":true},"__globals__":{"background_color":"globals\/colors?id=secondary"}},"elements":[{"id":"5668752e","settings":{"title":"Contact Us","header_size":"h3","align":"left","__globals__":{"title_color":"globals\/colors?id=ca42620","typography_typography":"globals\/typography?id=d478caa"}},"elements":[],"isInner":false,"widgetType":"heading","elType":"widget"},{"id":"531c77bf","settings":{"__globals__":{"text_color":"globals\/colors?id=ca42620","typography_typography":"globals\/typography?id=text"}},"elements":[],"isInner":false,"widgetType":"text-editor","elType":"widget"},{"id":"5bb549d4","settings":{"selected_icon":{"value":"fas fa-map-marker-alt","library":"fa-solid"},"title_text":"main office","description_text":"99 Roving St., Big City, PKU 2345","position":"left","position_mobile":"left","title_size":"h5","icon_space":{"unit":"px","size":25,"sizes":[]},"icon_size":{"unit":"px","size":30,"sizes":[]},"content_vertical_alignment":"middle","title_bottom_space":{"unit":"px","size":5,"sizes":[]},"__globals__":{"title_color":"globals\/colors?id=ca42620","title_typography_typography":"globals\/typography?id=4381534","description_typography_typography":"globals\/typography?id=05ac879","description_color":"globals\/colors?id=ca42620","primary_color":"globals\/colors?id=ca42620"}},"elements":[],"isInner":false,"widgetType":"icon-box","elType":"widget"},{"id":"66f7f4c8","settings":{"selected_icon":{"value":"fas fa-phone-alt","library":"fa-solid"},"title_text":"number","description_text":"+123-2456-789","position":"left","position_mobile":"left","title_size":"h5","icon_space":{"unit":"px","size":25,"sizes":[]},"icon_size":{"unit":"px","size":30,"sizes":[]},"content_vertical_alignment":"middle","title_bottom_space":{"unit":"px","size":5,"sizes":[]},"__globals__":{"title_color":"globals\/colors?id=ca42620","title_typography_typography":"globals\/typography?id=4381534","description_typography_typography":"globals\/typography?id=05ac879","description_color":"globals\/colors?id=ca42620","primary_color":"globals\/colors?id=ca42620"}},"elements":[],"isInner":false,"widgetType":"icon-box","elType":"widget"},{"id":"113163e","settings":{"selected_icon":{"value":"fas fa-envelope","library":"fa-solid"},"title_text":"email","description_text":"hello@awesomesite.com","position":"left","position_mobile":"left","title_size":"h5","icon_space":{"unit":"px","size":25,"sizes":[]},"icon_size":{"unit":"px","size":30,"sizes":[]},"content_vertical_alignment":"middle","title_bottom_space":{"unit":"px","size":5,"sizes":[]},"__globals__":{"title_color":"globals\/colors?id=ca42620","title_typography_typography":"globals\/typography?id=4381534","description_typography_typography":"globals\/typography?id=05ac879","description_color":"globals\/colors?id=ca42620","primary_color":"globals\/colors?id=ca42620"}},"elements":[],"isInner":false,"widgetType":"icon-box","elType":"widget"}],"isInner":true,"elType":"column"}],"isInner":true,"elType":"section"}],"isInner":false,"elType":"column"},{"id":"7ef70c14","settings":{"_column_size":50,"_inline_size":null,"_inline_size_tablet":100,"content_position":"center","padding":{"unit":"em","top":"1","right":"1","bottom":"1","left":"1","isLinked":true},"padding_tablet":{"unit":"em","top":"","right":"","bottom":"","left":"","isLinked":true},"padding_mobile":{"unit":"em","top":"","right":"","bottom":"","left":"","isLinked":true}},"elements":[{"id":"535b3a8a","settings":{"title":"don't hasitate to ask a question","header_size":"h6","align":"left","__globals__":{"typography_typography":"globals\/typography?id=ce6e115","title_color":"globals\/colors?id=secondary"}},"elements":[],"isInner":false,"widgetType":"heading","elType":"widget"},{"id":"675ccb45","settings":{"title":"Get in touch","align":"left","__globals__":{"typography_typography":"globals\/typography?id=9b2799d"}},"elements":[],"isInner":false,"widgetType":"heading","elType":"widget"},{"id":"7cf3d45a","settings":{"__globals__":{"typography_typography":"globals\/typography?id=text"}},"elements":[],"isInner":false,"widgetType":"text-editor","elType":"widget"},{"id":"2a420402","settings":{"form_name":"Contact Form","form_fields":[{"custom_id":"name","field_label":"Name","placeholder":"Name","_id":"ca73c0e"},{"custom_id":"email","field_type":"email","required":"true","field_label":"Email","placeholder":"Email","_id":"c44d008"},{"_id":"e17b630","field_label":"Subject","placeholder":"Subject","custom_id":"field_e17b630"},{"custom_id":"message","field_type":"textarea","field_label":"Message","placeholder":"Message","_id":"e54d49d"}],"button_width":"33","step_next_label":"Next","step_previous_label":"Previous","button_text":"send message","email_content":"[all-fields]","email_content_2":"[all-fields]","success_message":"The form was sent successfully.","error_message":"An error occurred.","required_field_message":"This field is required.","invalid_message":"There&#039;s something wrong. The form is invalid.","label_spacing":{"unit":"px","size":5,"sizes":[]},"__globals__":{"field_typography_typography":"globals\/typography?id=text","label_typography_typography":"globals\/typography?id=05ac879","label_color":"globals\/colors?id=primary","button_text_color":"globals\/colors?id=ca42620","previous_button_text_color":"globals\/colors?id=ca42620","field_background_color":"globals\/colors?id=ca42620","field_border_color":"globals\/colors?id=0abfcda","button_background_hover_color":"globals\/colors?id=secondary","button_hover_color":"globals\/colors?id=ca42620","previous_button_text_color_hover":"globals\/colors?id=ca42620"}},"elements":[],"isInner":false,"widgetType":"form","elType":"widget"}],"isInner":false,"elType":"column"}],"isInner":false,"elType":"section"}],"settings":{"template":"elementor_header_footer","hide_title":"yes"},"metadata":[]}