{"content":[{"id":"38c9b9cf","settings":{"height":"min-height","custom_height":{"unit":"vh","size":10,"sizes":[]},"custom_height_tablet":{"unit":"vh","size":"","sizes":[]},"custom_height_mobile":{"unit":"vh","size":"","sizes":[]},"margin":{"unit":"%","top":"3","right":0,"bottom":"-3","left":0,"isLinked":false},"margin_tablet":{"unit":"%","top":"0","right":0,"bottom":"0","left":0,"isLinked":false},"margin_mobile":{"unit":"%","top":"","right":"","bottom":"","left":"","isLinked":true},"z_index":1},"elements":[{"id":"1881b674","settings":{"_column_size":100,"_inline_size":null,"background_background":"classic","background_overlay_background":"classic","background_overlay_image":{"url":"http:\/\/tykit.rometheme.pro\/credice\/wp-content\/uploads\/sites\/66\/2022\/05\/bgs2.4.png","id":111,"alt":"","source":"library"},"background_overlay_position":"center center","background_overlay_opacity":{"unit":"px","size":0.15,"sizes":[]},"__globals__":{"background_color":"globals\/colors?id=secondary"},"margin":{"unit":"%","top":"0","right":"1","bottom":"0","left":"1","isLinked":false},"margin_tablet":{"unit":"%","top":"0","right":"0","bottom":"0","left":"0","isLinked":false},"margin_mobile":{"unit":"%","top":"0","right":"0","bottom":"0","left":"0","isLinked":false}},"elements":[{"id":"7836e5f5","settings":{"structure":"20"},"elements":[{"id":"499b3d15","settings":{"_column_size":50,"_inline_size":15,"content_position":"center","padding":{"unit":"em","top":"1","right":"1","bottom":"1","left":"1","isLinked":true},"padding_tablet":{"unit":"em","top":"","right":"","bottom":"","left":"","isLinked":true},"padding_mobile":{"unit":"em","top":"","right":"","bottom":"","left":"","isLinked":true},"_inline_size_tablet":30},"elements":[{"id":"4e7c0e7","settings":{"title":"funded  & backed by","header_size":"h3","align":"left","__globals__":{"title_color":"globals\/colors?id=ca42620","typography_typography":"globals\/typography?id=d478caa"},"align_mobile":"center"},"elements":[],"isInner":false,"widgetType":"heading","elType":"widget"}],"isInner":true,"elType":"column"},{"id":"7a2bb19d","settings":{"_column_size":50,"_inline_size":85,"content_position":"center","background_background":"classic","padding":{"unit":"em","top":"1","right":"1","bottom":"1","left":"1","isLinked":true},"padding_tablet":{"unit":"em","top":"","right":"","bottom":"","left":"","isLinked":true},"padding_mobile":{"unit":"em","top":"","right":"","bottom":"","left":"","isLinked":true},"__globals__":{"background_color":""},"_inline_size_tablet":70},"elements":[{"id":"6ed0604a","settings":{"carousel":[{"id":162,"url":"http:\/\/tykit.rometheme.pro\/credice\/wp-content\/uploads\/sites\/66\/2022\/05\/sps1.png"},{"id":163,"url":"http:\/\/tykit.rometheme.pro\/credice\/wp-content\/uploads\/sites\/66\/2022\/05\/sps2.png"},{"id":164,"url":"http:\/\/tykit.rometheme.pro\/credice\/wp-content\/uploads\/sites\/66\/2022\/05\/sps3.png"},{"id":165,"url":"http:\/\/tykit.rometheme.pro\/credice\/wp-content\/uploads\/sites\/66\/2022\/05\/sps4.png"},{"id":166,"url":"http:\/\/tykit.rometheme.pro\/credice\/wp-content\/uploads\/sites\/66\/2022\/05\/sps5.png"},{"id":167,"url":"http:\/\/tykit.rometheme.pro\/credice\/wp-content\/uploads\/sites\/66\/2022\/05\/sps6.png"}],"thumbnail_size":"full","slides_to_show":"4","slides_to_scroll":"1","navigation":"none","speed":1500,"gallery_vertical_align":"center","image_spacing":"custom","image_spacing_custom":{"unit":"px","size":35,"sizes":[]},"slides_to_show_tablet":"3","slides_to_show_mobile":"2","slides_to_scroll_tablet":"1","slides_to_scroll_mobile":"1"},"elements":[],"isInner":false,"widgetType":"image-carousel","elType":"widget"}],"isInner":true,"elType":"column"}],"isInner":true,"elType":"section"}],"isInner":false,"elType":"column"}],"isInner":false,"elType":"section"},{"id":"3df5a10","settings":{"height":"min-height","custom_height":{"unit":"vh","size":40,"sizes":[]},"custom_height_tablet":{"unit":"vh","size":"","sizes":[]},"custom_height_mobile":{"unit":"vh","size":"","sizes":[]},"structure":"40","background_background":"classic","margin":{"unit":"%","top":"0","right":0,"bottom":"0","left":0,"isLinked":false},"margin_tablet":{"unit":"%","top":"","right":"","bottom":"","left":"","isLinked":true},"margin_mobile":{"unit":"%","top":"","right":"","bottom":"","left":"","isLinked":true},"__globals__":{"background_color":"globals\/colors?id=primary"}},"elements":[{"id":"3ecee6a9","settings":{"_column_size":25,"_inline_size":null,"padding":{"unit":"em","top":"1","right":"1","bottom":"1","left":"1","isLinked":true},"padding_tablet":{"unit":"em","top":"","right":"","bottom":"","left":"","isLinked":true},"padding_mobile":{"unit":"em","top":"3","right":"1","bottom":"1","left":"1","isLinked":false},"_inline_size_tablet":50},"elements":[{"id":"1c2c4e99","settings":{"__dynamic__":{"image":"[elementor-tag id=\"\" name=\"site-logo\" settings=\"%7B%7D\"]","link":"[elementor-tag id=\"\" name=\"site-url\" settings=\"%7B%7D\"]"},"align":"left","width":{"unit":"%","size":50,"sizes":[]}},"elements":[],"isInner":false,"widgetType":"theme-site-logo","elType":"widget"},{"id":"bbe80a8","settings":{"editor":"<p>Lorem ipsum dolor sit amet, consectetur adipiscing elit. In id erat eget nisl eleifend tristique in eu ipsum. Aliquam condimentum dictum magna in molestie<\/p>","__globals__":{"text_color":"globals\/colors?id=0abfcda","typography_typography":"globals\/typography?id=text"},"align":"left"},"elements":[],"isInner":false,"widgetType":"text-editor","elType":"widget"}],"isInner":false,"elType":"column"},{"id":"1f08a5a5","settings":{"_column_size":25,"_inline_size":15.206,"padding":{"unit":"em","top":"1","right":"1","bottom":"1","left":"4","isLinked":false},"padding_tablet":{"unit":"em","top":"1","right":"1","bottom":"1","left":"1","isLinked":true},"padding_mobile":{"unit":"em","top":"","right":"","bottom":"","left":"","isLinked":true},"content_position":"center","_inline_size_tablet":50,"_inline_size_mobile":50},"elements":[{"id":"76c36c15","settings":{"title":"about","header_size":"h3","align":"left","__globals__":{"title_color":"globals\/colors?id=ca42620","typography_typography":"globals\/typography?id=d478caa"}},"elements":[],"isInner":false,"widgetType":"heading","elType":"widget"},{"id":"3a193e5e","settings":{"icon_list":[{"text":"Awards","selected_icon":{"value":"","library":""},"_id":"ed262e8"},{"text":"About Us","selected_icon":{"value":"","library":""},"_id":"eb2c105"},{"text":"Newsletter","selected_icon":{"value":"","library":""},"_id":"ce3960e"},{"text":"Help","selected_icon":{"value":"","library":""},"_id":"5217feb"}],"space_between":{"unit":"px","size":5,"sizes":[]},"icon_typography_typography":"custom","icon_typography_font_family":"Roboto","icon_typography_font_size":{"unit":"rem","size":1,"sizes":[]},"icon_typography_font_size_tablet":{"unit":"rem","size":1,"sizes":[]},"icon_typography_font_size_mobile":{"unit":"rem","size":0.75,"sizes":[]},"icon_typography_font_weight":"600","icon_typography_line_height":{"unit":"em","size":"","sizes":[]},"icon_typography_word_spacing":{"unit":"em","size":"","sizes":[]},"__globals__":{"icon_typography_typography":"globals\/typography?id=05ac879","text_color":"globals\/colors?id=0abfcda","text_color_hover":"globals\/colors?id=ca42620"}},"elements":[],"isInner":false,"widgetType":"icon-list","elType":"widget"}],"isInner":false,"elType":"column"},{"id":"76230cd8","settings":{"_column_size":25,"_inline_size":21.069,"padding":{"unit":"em","top":"1","right":"1","bottom":"1","left":"4","isLinked":false},"padding_tablet":{"unit":"em","top":"1","right":"1","bottom":"4","left":"1","isLinked":false},"padding_mobile":{"unit":"em","top":"1","right":"1","bottom":"1","left":"1","isLinked":true},"content_position":"center","_inline_size_tablet":50,"_inline_size_mobile":50,"margin_tablet":{"unit":"%","top":"-12","right":"0","bottom":"0","left":"0","isLinked":false},"margin_mobile":{"unit":"%","top":"0","right":"0","bottom":"0","left":"0","isLinked":false}},"elements":[{"id":"2e6a7f96","settings":{"title":"Company","header_size":"h3","align":"left","__globals__":{"title_color":"globals\/colors?id=ca42620","typography_typography":"globals\/typography?id=d478caa"}},"elements":[],"isInner":false,"widgetType":"heading","elType":"widget"},{"id":"2f8ccbf4","settings":{"icon_list":[{"text":"Company Policy","selected_icon":{"value":"","library":""},"_id":"ed262e8"},{"text":"Client Policy","selected_icon":{"value":"","library":""},"_id":"eb2c105"},{"text":"Our Terms","selected_icon":{"value":"","library":""},"_id":"5217feb"},{"text":"Terms","selected_icon":{"value":"","library":""},"_id":"ce3960e"}],"space_between":{"unit":"px","size":5,"sizes":[]},"icon_typography_typography":"custom","icon_typography_font_family":"Roboto","icon_typography_font_size":{"unit":"rem","size":1,"sizes":[]},"icon_typography_font_size_tablet":{"unit":"rem","size":1,"sizes":[]},"icon_typography_font_size_mobile":{"unit":"rem","size":0.75,"sizes":[]},"icon_typography_font_weight":"600","icon_typography_line_height":{"unit":"em","size":"","sizes":[]},"icon_typography_word_spacing":{"unit":"em","size":"","sizes":[]},"__globals__":{"icon_typography_typography":"globals\/typography?id=05ac879","text_color":"globals\/colors?id=0abfcda","text_color_hover":"globals\/colors?id=ca42620"}},"elements":[],"isInner":false,"widgetType":"icon-list","elType":"widget"}],"isInner":false,"elType":"column"},{"id":"6195ed58","settings":{"_column_size":25,"_inline_size":38.725,"padding":{"unit":"em","top":"1","right":"1","bottom":"1","left":"1","isLinked":true},"padding_tablet":{"unit":"em","top":"1","right":"1","bottom":"2","left":"1","isLinked":false},"padding_mobile":{"unit":"em","top":"1","right":"1","bottom":"3","left":"1","isLinked":false},"content_position":"center","_inline_size_tablet":50,"margin_tablet":{"unit":"%","top":"0","right":"0","bottom":"0","left":"0","isLinked":false},"margin_mobile":{"unit":"%","top":"","right":"","bottom":"","left":"","isLinked":true}},"elements":[{"id":"224efe26","settings":{"title":"Contact Us","header_size":"h3","align":"left","__globals__":{"title_color":"globals\/colors?id=ca42620","typography_typography":"globals\/typography?id=d478caa"}},"elements":[],"isInner":false,"widgetType":"heading","elType":"widget"},{"id":"585a4a18","settings":{"align":"left","_margin":{"unit":"%","top":"0","right":"0","bottom":"-4","left":"0","isLinked":false},"_margin_tablet":{"unit":"%","top":"","right":"","bottom":"","left":"","isLinked":true},"_margin_mobile":{"unit":"%","top":"","right":"","bottom":"","left":"","isLinked":true},"__globals__":{"text_color":"globals\/colors?id=0abfcda","typography_typography":"globals\/typography?id=text"}},"elements":[],"isInner":false,"widgetType":"text-editor","elType":"widget"},{"id":"60c417cf","settings":{"icon_list":[{"text":"99 Roving St., Big CIty","selected_icon":{"value":"fas fa-map-marker-alt","library":"fa-solid"},"_id":"9300885"},{"text":"+123-234-1234","selected_icon":{"value":"fas fa-phone-alt","library":"fa-solid"},"_id":"ed262e8"}],"space_between":{"unit":"px","size":5,"sizes":[]},"icon_size":{"unit":"px","size":15,"sizes":[]},"text_indent":{"unit":"px","size":10,"sizes":[]},"_element_width":"auto","__globals__":{"icon_typography_typography":"globals\/typography?id=05ac879","text_color":"globals\/colors?id=0abfcda","text_color_hover":"globals\/colors?id=ca42620","icon_color":"globals\/colors?id=0abfcda","icon_color_hover":"globals\/colors?id=ca42620"},"_padding_mobile":{"unit":"em","top":"0","right":"1","bottom":"0","left":"0","isLinked":false}},"elements":[],"isInner":false,"widgetType":"icon-list","elType":"widget"},{"id":"47ae7523","settings":{"icon_list":[{"text":"hello@awesomesite.com","selected_icon":{"value":"fas fa-envelope","library":"fa-solid"},"_id":"9300885"}],"space_between":{"unit":"px","size":5,"sizes":[]},"icon_size":{"unit":"px","size":15,"sizes":[]},"text_indent":{"unit":"px","size":10,"sizes":[]},"_padding":{"unit":"em","top":"0","right":"0","bottom":"0","left":"2","isLinked":false},"_padding_tablet":{"unit":"em","top":"1","right":"0","bottom":"0","left":"0","isLinked":false},"_padding_mobile":{"unit":"em","top":"0","right":"0","bottom":"0","left":"0","isLinked":false},"_element_width":"auto","_element_vertical_align":"flex-start","__globals__":{"icon_typography_typography":"globals\/typography?id=05ac879","text_color":"globals\/colors?id=0abfcda","text_color_hover":"globals\/colors?id=ca42620","icon_color":"globals\/colors?id=0abfcda","icon_color_hover":"globals\/colors?id=ca42620"},"_margin_mobile":{"unit":"%","top":"4","right":"0","bottom":"0","left":"0","isLinked":false},"_element_vertical_align_tablet":"flex-start"},"elements":[],"isInner":false,"widgetType":"icon-list","elType":"widget"}],"isInner":false,"elType":"column"}],"isInner":false,"elType":"section"},{"id":"6a3365ee","settings":{"height":"min-height","custom_height":{"unit":"vh","size":5,"sizes":[]},"custom_height_tablet":{"unit":"vh","size":"","sizes":[]},"custom_height_mobile":{"unit":"vh","size":"","sizes":[]},"structure":"40","background_background":"classic","__globals__":{"background_color":""},"background_color":"#1F74D3","background_overlay_background":"classic","background_overlay_image":{"url":"http:\/\/tykit.rometheme.pro\/credice\/wp-content\/uploads\/sites\/66\/2022\/05\/bgs2.4.png","id":111,"alt":"","source":"library"},"background_overlay_position":"center center","background_overlay_opacity":{"unit":"px","size":0.15,"sizes":[]}},"elements":[{"id":"76128e0f","settings":{"_column_size":25,"_inline_size":32.448,"padding":{"unit":"em","top":"1","right":"1","bottom":"1","left":"1","isLinked":true},"padding_tablet":{"unit":"em","top":"","right":"","bottom":"","left":"","isLinked":true},"padding_mobile":{"unit":"em","top":"","right":"","bottom":"","left":"","isLinked":true},"_inline_size_tablet":100},"elements":[{"id":"177600ab","settings":{"title":"Copyright 2022 \u00a9 Credice | Powered by Rometheme Studio.","header_size":"p","align":"left","align_tablet":"center","__globals__":{"title_color":"globals\/colors?id=ca42620","typography_typography":"globals\/typography?id=text"}},"elements":[],"isInner":false,"widgetType":"heading","elType":"widget"}],"isInner":false,"elType":"column"},{"id":"46ee69f3","settings":{"_column_size":25,"_inline_size":36.137,"padding":{"unit":"em","top":"1","right":"1","bottom":"1","left":"1","isLinked":true},"padding_tablet":{"unit":"em","top":"","right":"","bottom":"","left":"","isLinked":true},"padding_mobile":{"unit":"em","top":"","right":"","bottom":"","left":"","isLinked":true},"_inline_size_tablet":47},"elements":[{"id":"33642fcc","settings":{"social_icon_list":[{"social_icon":{"value":"fab fa-facebook","library":"fa-brands"},"_id":"f6b7afb"},{"social_icon":{"value":"fab fa-twitter","library":"fa-brands"},"_id":"5ca5a24"},{"social_icon":{"value":"fab fa-youtube","library":"fa-brands"},"_id":"7e8786d"},{"social_icon":{"value":"fab fa-linkedin","library":"fa-brands"},"_id":"b278528"},{"social_icon":{"value":"fab fa-instagram","library":"fa-brands"},"_id":"46f90db"}],"shape":"circle","align_tablet":"right","align_mobile":"center","icon_color":"custom","icon_size":{"unit":"px","size":15,"sizes":[]},"icon_spacing":{"unit":"px","size":15,"sizes":[]},"__globals__":{"icon_primary_color":"globals\/colors?id=ca42620","icon_secondary_color":"globals\/colors?id=secondary","hover_primary_color":"globals\/colors?id=primary","hover_secondary_color":"globals\/colors?id=ca42620"}},"elements":[],"isInner":false,"widgetType":"social-icons","elType":"widget"}],"isInner":false,"elType":"column"},{"id":"71b1def0","settings":{"_column_size":25,"_inline_size":22.07,"padding":{"unit":"em","top":"1","right":"1","bottom":"1","left":"1","isLinked":true},"padding_tablet":{"unit":"em","top":"","right":"","bottom":"","left":"","isLinked":true},"padding_mobile":{"unit":"em","top":"","right":"","bottom":"","left":"","isLinked":true},"_inline_size_mobile":50},"elements":[{"id":"58b4cd2d","settings":{"icon_list":[{"text":"Terms Of Service","selected_icon":{"value":"","library":""},"_id":"83da993"}],"icon_align":"right","__globals__":{"icon_typography_typography":"globals\/typography?id=text","text_color":"globals\/colors?id=0abfcda","text_color_hover":"globals\/colors?id=ca42620"}},"elements":[],"isInner":false,"widgetType":"icon-list","elType":"widget"}],"isInner":false,"elType":"column"},{"id":"4d68aa16","settings":{"_column_size":25,"_inline_size":9.345,"padding":{"unit":"em","top":"1","right":"1","bottom":"1","left":"1","isLinked":true},"padding_tablet":{"unit":"em","top":"","right":"","bottom":"","left":"","isLinked":true},"padding_mobile":{"unit":"em","top":"","right":"","bottom":"","left":"","isLinked":true},"_inline_size_tablet":23,"_inline_size_mobile":50},"elements":[{"id":"1d858f3","settings":{"icon_list":[{"text":"Privacy Policy","selected_icon":{"value":"","library":""},"_id":"83da993"}],"icon_align":"left","__globals__":{"icon_typography_typography":"globals\/typography?id=text","text_color":"globals\/colors?id=0abfcda","text_color_hover":"globals\/colors?id=ca42620"}},"elements":[],"isInner":false,"widgetType":"icon-list","elType":"widget"}],"isInner":false,"elType":"column"}],"isInner":false,"elType":"section"}],"settings":{"content_wrapper_html_tag":"footer"},"metadata":[]}