{"content":[{"id":"a835451","settings":{"height":"min-height","custom_height":{"unit":"vh","size":5,"sizes":[]},"custom_height_tablet":{"unit":"vh","size":"","sizes":[]},"custom_height_mobile":{"unit":"vh","size":"","sizes":[]},"structure":"40","background_background":"classic","hide_tablet":"hidden-tablet","hide_mobile":"hidden-mobile","__globals__":{"background_color":"globals\/colors?id=ca42620"}},"elements":[{"id":"53346e1d","settings":{"_column_size":25,"_inline_size":16.861,"_inline_size_tablet":50,"padding":{"unit":"em","top":"1","right":"1","bottom":"1","left":"1","isLinked":true},"padding_tablet":{"unit":"em","top":"","right":"","bottom":"","left":"","isLinked":true},"padding_mobile":{"unit":"em","top":"","right":"","bottom":"","left":"","isLinked":true}},"elements":[{"id":"3907a4c2","settings":{"icon_list":[{"text":"99 Roving St., Big City","selected_icon":{"value":"fas fa-map-marker-alt","library":"fa-solid"},"_id":"bec8225"}],"_padding":{"unit":"em","top":"0","right":"0","bottom":"0","left":"2","isLinked":false},"_padding_tablet":{"unit":"em","top":"","right":"","bottom":"","left":"","isLinked":true},"_padding_mobile":{"unit":"em","top":"","right":"","bottom":"","left":"","isLinked":true},"_border_border":"solid","_border_width":{"unit":"px","top":"0","right":"0","bottom":"0","left":"1","isLinked":false},"__globals__":{"icon_color":"globals\/colors?id=primary","text_color":"globals\/colors?id=text","icon_typography_typography":"globals\/typography?id=text","_border_color":"globals\/colors?id=0abfcda"}},"elements":[],"isInner":false,"widgetType":"icon-list","elType":"widget"}],"isInner":false,"elType":"column"},{"id":"6d07e8c","settings":{"_column_size":25,"_inline_size":40.863,"_inline_size_tablet":50,"padding":{"unit":"em","top":"1","right":"1","bottom":"1","left":"1","isLinked":true},"padding_tablet":{"unit":"em","top":"","right":"","bottom":"","left":"","isLinked":true},"padding_mobile":{"unit":"em","top":"","right":"","bottom":"","left":"","isLinked":true}},"elements":[{"id":"756862cb","settings":{"icon_list":[{"text":"Mon - Sun 9am - 5pm","selected_icon":{"value":"fas fa-clock","library":"fa-solid"},"_id":"bec8225"}],"_padding":{"unit":"em","top":"0","right":"0","bottom":"0","left":"2","isLinked":false},"_padding_tablet":{"unit":"em","top":"","right":"","bottom":"","left":"","isLinked":true},"_padding_mobile":{"unit":"em","top":"","right":"","bottom":"","left":"","isLinked":true},"_border_border":"solid","_border_width":{"unit":"px","top":"0","right":"0","bottom":"0","left":"1","isLinked":false},"__globals__":{"icon_color":"globals\/colors?id=primary","text_color":"globals\/colors?id=text","icon_typography_typography":"globals\/typography?id=text","_border_color":"globals\/colors?id=0abfcda"}},"elements":[],"isInner":false,"widgetType":"icon-list","elType":"widget"}],"isInner":false,"elType":"column"},{"id":"2bbcfca3","settings":{"_column_size":25,"_inline_size":30.569,"_inline_size_tablet":55,"padding":{"unit":"em","top":"1","right":"1","bottom":"1","left":"1","isLinked":true},"padding_tablet":{"unit":"em","top":"","right":"","bottom":"","left":"","isLinked":true},"padding_mobile":{"unit":"em","top":"","right":"","bottom":"","left":"","isLinked":true}},"elements":[{"id":"59f65086","settings":{"icon_list":[{"text":"Make A Claim","selected_icon":{"value":"","library":""},"_id":"bec8225"}],"icon_align":"right","_padding":{"unit":"em","top":"0","right":"2","bottom":"0","left":"0","isLinked":false},"_padding_tablet":{"unit":"em","top":"","right":"","bottom":"","left":"","isLinked":true},"_padding_mobile":{"unit":"em","top":"","right":"","bottom":"","left":"","isLinked":true},"_border_border":"solid","_border_width":{"unit":"px","top":"0","right":"1","bottom":"0","left":"0","isLinked":false},"__globals__":{"icon_color":"globals\/colors?id=primary","text_color":"globals\/colors?id=text","icon_typography_typography":"globals\/typography?id=text","text_color_hover":"globals\/colors?id=primary","_border_color":"globals\/colors?id=0abfcda"}},"elements":[],"isInner":false,"widgetType":"icon-list","elType":"widget"}],"isInner":false,"elType":"column"},{"id":"4e3b5af2","settings":{"_column_size":25,"_inline_size":11.678,"_inline_size_tablet":45,"padding":{"unit":"em","top":"1","right":"1","bottom":"1","left":"1","isLinked":true},"padding_tablet":{"unit":"em","top":"","right":"","bottom":"","left":"","isLinked":true},"padding_mobile":{"unit":"em","top":"","right":"","bottom":"","left":"","isLinked":true}},"elements":[{"id":"6ede173d","settings":{"icon_list":[{"text":"Costumer Services","selected_icon":{"value":"","library":""},"_id":"bec8225"}],"icon_align":"left","__globals__":{"icon_color":"globals\/colors?id=primary","text_color":"globals\/colors?id=text","icon_typography_typography":"globals\/typography?id=text","text_color_hover":"globals\/colors?id=primary"}},"elements":[],"isInner":false,"widgetType":"icon-list","elType":"widget"}],"isInner":false,"elType":"column"}],"isInner":false,"elType":"section"},{"id":"401c1b73","settings":{"height":"min-height","custom_height":{"unit":"vh","size":6,"sizes":[]},"custom_height_tablet":{"unit":"vh","size":"","sizes":[]},"custom_height_mobile":{"unit":"vh","size":"","sizes":[]},"structure":"30","background_background":"classic","__globals__":{"background_color":"globals\/colors?id=primary"},"z_index":2,"box_shadow_box_shadow_type":"yes","box_shadow_box_shadow":{"horizontal":0,"vertical":10,"blur":10,"spread":0,"color":"rgba(0, 0, 0, 0.1)"}},"elements":[{"id":"4a561c00","settings":{"_column_size":33,"_inline_size":22.759,"padding":{"unit":"em","top":"1","right":"1","bottom":"1","left":"1","isLinked":true},"padding_tablet":{"unit":"em","top":"","right":"","bottom":"","left":"","isLinked":true},"padding_mobile":{"unit":"em","top":"","right":"","bottom":"","left":"","isLinked":true},"_inline_size_tablet":50,"_inline_size_mobile":50,"background_background":"classic","__globals__":{"background_color":""}},"elements":[{"id":"6a0948ea","settings":{"__dynamic__":{"image":"[elementor-tag id=\"\" name=\"site-logo\" settings=\"%7B%7D\"]","link":"[elementor-tag id=\"\" name=\"site-url\" settings=\"%7B%7D\"]"},"align":"left","width":{"unit":"%","size":50,"sizes":[]},"width_tablet":{"unit":"%","size":45,"sizes":[]},"width_mobile":{"unit":"%","size":65,"sizes":[]}},"elements":[],"isInner":false,"widgetType":"theme-site-logo","elType":"widget"}],"isInner":false,"elType":"column"},{"id":"64335835","settings":{"_column_size":33,"_inline_size":56.931,"padding":{"unit":"em","top":"1","right":"1","bottom":"1","left":"1","isLinked":true},"padding_tablet":{"unit":"em","top":"","right":"","bottom":"","left":"","isLinked":true},"padding_mobile":{"unit":"em","top":"","right":"","bottom":"","left":"","isLinked":true},"_inline_size_tablet":50,"_inline_size_mobile":50},"elements":[{"id":"6c247862","settings":{"align_items":"left","full_width":"stretch","text_align":"center","toggle_align":"right","menu_typography_typography":"custom","menu_typography_font_family":"Open Sans","menu_typography_font_size":{"unit":"rem","size":1.125,"sizes":[]},"menu_typography_font_size_tablet":{"unit":"rem","size":1.063,"sizes":[]},"menu_typography_font_size_mobile":{"unit":"rem","size":0.875,"sizes":[]},"menu_typography_font_weight":"700","menu_typography_text_transform":"capitalize","menu_typography_line_height":{"unit":"em","size":"","sizes":[]},"menu_typography_word_spacing":{"unit":"em","size":"","sizes":[]},"color_menu_item":"#FFFFFF","color_menu_item_hover":"#3B97FF","color_menu_item_hover_pointer_bg":"#FFFFFF","pointer_color_menu_item_hover":"#1F74D3","color_menu_item_active":"#FFFFFF","pointer_color_menu_item_active":"#1F74D3","padding_horizontal_menu_item":{"unit":"px","size":15,"sizes":[]},"padding_vertical_menu_item":{"unit":"px","size":15,"sizes":[]},"menu_space_between":{"unit":"px","size":20,"sizes":[]},"color_dropdown_item":"#1E1E1E","background_color_dropdown_item":"#FFFFFF","color_dropdown_item_hover":"#1F74D3","background_color_dropdown_item_hover":"#FFFFFF","color_dropdown_item_active":"#1F74D3","background_color_dropdown_item_active":"#FFFFFF","dropdown_typography_typography":"custom","dropdown_typography_font_family":"Open Sans","dropdown_typography_font_size":{"unit":"rem","size":1,"sizes":[]},"dropdown_typography_font_size_tablet":{"unit":"rem","size":1,"sizes":[]},"dropdown_typography_font_size_mobile":{"unit":"rem","size":0.8,"sizes":[]},"dropdown_typography_font_weight":"700","dropdown_typography_text_transform":"capitalize","dropdown_typography_word_spacing":{"unit":"em","size":"","sizes":[]},"dropdown_box_shadow_box_shadow_type":"yes","dropdown_box_shadow_box_shadow":{"horizontal":0,"vertical":5,"blur":10,"spread":0,"color":"rgba(0, 0, 0, 0.15)"},"dropdown_top_distance":{"unit":"px","size":24,"sizes":[]},"toggle_size_tablet":{"unit":"px","size":27,"sizes":[]},"__globals__":{"menu_typography_typography":"globals\/typography?id=a592062","color_menu_item":"globals\/colors?id=ca42620","color_menu_item_hover":"globals\/colors?id=ca42620","color_menu_item_hover_pointer_bg":"globals\/colors?id=ca42620","pointer_color_menu_item_hover":"globals\/colors?id=secondary","pointer_color_menu_item_active":"globals\/colors?id=secondary","color_menu_item_active":"globals\/colors?id=ca42620","dropdown_typography_typography":"globals\/typography?id=be29924","color_dropdown_item_active":"globals\/colors?id=secondary","background_color_dropdown_item_active":"globals\/colors?id=ca42620","color_dropdown_item":"globals\/colors?id=8fe369a","background_color_dropdown_item":"globals\/colors?id=ca42620","color_dropdown_item_hover":"globals\/colors?id=secondary","background_color_dropdown_item_hover":"globals\/colors?id=ca42620","toggle_background_color":"globals\/colors?id=secondary","toggle_color":"globals\/colors?id=ca42620","toggle_color_hover":"globals\/colors?id=ca42620","toggle_background_color_hover":"globals\/colors?id=8fe369a"},"dropdown_typography_line_height":{"unit":"em","size":"","sizes":[]},"dropdown_typography_line_height_tablet":{"unit":"em","size":"","sizes":[]},"dropdown_typography_line_height_mobile":{"unit":"em","size":"","sizes":[]},"animation_background":"grow","animation_line":"grow","pointer_width":{"unit":"px","size":2,"sizes":[]}},"elements":[],"isInner":false,"widgetType":"nav-menu","elType":"widget"}],"isInner":false,"elType":"column"},{"id":"7c470c64","settings":{"_column_size":33,"_inline_size":19.643,"padding":{"unit":"em","top":"1","right":"1","bottom":"1","left":"1","isLinked":true},"padding_tablet":{"unit":"em","top":"","right":"","bottom":"","left":"","isLinked":true},"padding_mobile":{"unit":"em","top":"","right":"","bottom":"","left":"","isLinked":true},"hide_tablet":"hidden-tablet","hide_mobile":"hidden-mobile","background_background":"classic","__globals__":{"background_color":"globals\/colors?id=secondary"}},"elements":[{"id":"1637d5a7","settings":{"selected_icon":{"value":"far fa-comment-alt","library":"fa-regular"},"title_text":"Have any query ?","description_text":"+123-234-456","position":"left","title_size":"h6","icon_size":{"unit":"px","size":40,"sizes":[]},"text_align":"left","content_vertical_alignment":"middle","title_bottom_space":{"unit":"px","size":0,"sizes":[]},"__globals__":{"primary_color":"globals\/colors?id=ca42620","title_color":"globals\/colors?id=ca42620","description_typography_typography":"globals\/typography?id=05ac879","description_color":"globals\/colors?id=ca42620","title_typography_typography":"globals\/typography?id=ce6e115"}},"elements":[],"isInner":false,"widgetType":"icon-box","elType":"widget"}],"isInner":false,"elType":"column"}],"isInner":false,"elType":"section"}],"settings":{"content_wrapper_html_tag":"header"},"metadata":[]}