{"content":[{"id":"46714cc","settings":{"height":"min-height","custom_height":{"unit":"vh","size":35,"sizes":[]},"custom_height_tablet":{"unit":"vh","size":"","sizes":[]},"custom_height_mobile":{"unit":"vh","size":"","sizes":[]},"background_background":"classic","background_image":{"url":"","id":"","alt":"","source":"library"},"background_position":"top center","background_bg_width":{"unit":"vw","size":34,"sizes":[]},"background_bg_width_tablet":{"unit":"vw","size":"","sizes":[]},"background_bg_width_mobile":{"unit":"vw","size":"","sizes":[]},"background_overlay_background":"classic","background_overlay_image":{"url":"http:\/\/tykit.rometheme.pro\/credice\/wp-content\/uploads\/sites\/66\/2022\/06\/bg2.jpg","id":250,"alt":"","source":"library"},"background_overlay_position":"center center","background_overlay_size":"cover","background_overlay_bg_width":{"unit":"vw","size":35,"sizes":[]},"background_overlay_bg_width_tablet":{"unit":"vw","size":"","sizes":[]},"background_overlay_bg_width_mobile":{"unit":"vw","size":"","sizes":[]},"background_overlay_opacity":{"unit":"px","size":0.2,"sizes":[]},"css_filters_css_filter":"custom","css_filters_saturate":{"unit":"px","size":0,"sizes":[]},"__globals__":{"background_color":"globals\/colors?id=secondary"},"_title":"Header Heading Section"},"elements":[{"id":"1cf79c0c","settings":{"_column_size":100,"_inline_size":null,"space_between_widgets":10},"elements":[{"id":"e226d34","settings":{"title":"about us","header_size":"h1","align":"center","__globals__":{"title_color":"globals\/colors?id=ca42620","typography_typography":"globals\/typography?id=89aa5e9"}},"elements":[],"isInner":false,"widgetType":"heading","elType":"widget"},{"id":"7d651ac2","settings":{"editor":"<p><a href=\"#\">Home<\/a> \/ About<\/p>","align":"center","__globals__":{"typography_typography":"globals\/typography?id=4381534","text_color":"globals\/colors?id=ca42620"}},"elements":[],"isInner":false,"widgetType":"text-editor","elType":"widget"}],"isInner":false,"elType":"column"}],"isInner":false,"elType":"section"},{"id":"8809d86","settings":{"structure":"20","background_background":"classic","background_image":{"url":"http:\/\/tykit.rometheme.pro\/credice\/wp-content\/uploads\/sites\/66\/2022\/05\/bgs2.1.png","id":47,"alt":"","source":"library"},"background_position":"center left","background_repeat":"no-repeat","background_size":"initial","background_bg_width":{"unit":"vw","size":15,"sizes":[]},"background_bg_width_tablet":{"unit":"px","size":200,"sizes":[]},"background_bg_width_mobile":{"unit":"px","size":125,"sizes":[]},"background_overlay_background":"classic","background_overlay_image":{"url":"","id":"","alt":"","source":"library"},"background_overlay_position":"bottom right","background_overlay_repeat":"no-repeat","background_overlay_size":"initial","background_overlay_bg_width":{"unit":"vw","size":10,"sizes":[]},"background_overlay_bg_width_tablet":{"unit":"px","size":150,"sizes":[]},"background_overlay_bg_width_mobile":{"unit":"px","size":95,"sizes":[]},"background_overlay_opacity":{"unit":"px","size":0.15,"sizes":[]},"padding":{"unit":"em","top":"6","right":"1","bottom":"3","left":"1","isLinked":false},"padding_tablet":{"unit":"em","top":"","right":"","bottom":"","left":"","isLinked":true},"padding_mobile":{"unit":"em","top":"","right":"","bottom":"","left":"","isLinked":true},"_title":"Abiut Section","overflow":"hidden"},"elements":[{"id":"224030fd","settings":{"_column_size":50,"_inline_size":null,"_inline_size_tablet":100,"padding":{"unit":"em","top":"1","right":"1","bottom":"1","left":"1","isLinked":true},"padding_tablet":{"unit":"em","top":"","right":"","bottom":"","left":"","isLinked":true},"padding_mobile":{"unit":"em","top":"","right":"","bottom":"","left":"","isLinked":true}},"elements":[{"id":"6d5a0979","settings":{"image":{"url":"http:\/\/tykit.rometheme.pro\/credice\/wp-content\/uploads\/sites\/66\/2022\/05\/man-shaking-hands-with-insurance-agent-2021-08-26-15-34-43-utc.jpg","id":125,"alt":"","source":"library"},"image_size":"full","align":"left","width":{"unit":"%","size":70,"sizes":[]},"_animation":"fadeInUp"},"elements":[],"isInner":false,"widgetType":"image","elType":"widget"},{"id":"58cd1779","settings":{"image":{"url":"http:\/\/tykit.rometheme.pro\/credice\/wp-content\/uploads\/sites\/66\/2022\/05\/happy-smiling-student-girl-studying-in-classroom-2021-08-29-11-16-08-utc.jpg","id":135,"alt":"","source":"library"},"image_size":"full","align":"right","width":{"unit":"%","size":50,"sizes":[]},"_margin":{"unit":"%","top":"-26","right":"0","bottom":"0","left":"0","isLinked":false},"_margin_tablet":{"unit":"%","top":"","right":"","bottom":"","left":"","isLinked":true},"_margin_mobile":{"unit":"%","top":"","right":"","bottom":"","left":"","isLinked":true},"_z_index":1,"_animation":"fadeInLeft","_animation_delay":100},"elements":[],"isInner":false,"widgetType":"image","elType":"widget"},{"id":"e90d0ba","settings":{"margin":{"unit":"%","top":"-20","right":0,"bottom":"0","left":0,"isLinked":false},"margin_tablet":{"unit":"%","top":"","right":"","bottom":"","left":"","isLinked":true},"margin_mobile":{"unit":"%","top":"","right":"","bottom":"","left":"","isLinked":true},"z_index":2,"animation":"fadeInUp","animation_delay":200},"elements":[{"id":"52a9f7c5","settings":{"_column_size":100,"_inline_size":null,"space_between_widgets":5,"background_background":"classic","margin":{"unit":"%","top":"0","right":"45","bottom":"0","left":"0","isLinked":false},"margin_tablet":{"unit":"%","top":"","right":"","bottom":"","left":"","isLinked":true},"margin_mobile":{"unit":"%","top":"0","right":"11","bottom":"0","left":"0","isLinked":false},"padding":{"unit":"em","top":"3","right":"3","bottom":"3","left":"3","isLinked":true},"padding_tablet":{"unit":"em","top":"","right":"","bottom":"","left":"","isLinked":true},"padding_mobile":{"unit":"em","top":"","right":"","bottom":"","left":"","isLinked":true},"__globals__":{"background_color":"globals\/colors?id=secondary"}},"elements":[{"id":"30973c68","settings":{"title":"10+ Years of experience, we always give the best for our costumer.","header_size":"h5","align":"left","__globals__":{"typography_typography":"globals\/typography?id=4381534","title_color":"globals\/colors?id=ca42620"},"title_color":"#FFFFFF"},"elements":[],"isInner":false,"widgetType":"heading","elType":"widget"}],"isInner":true,"elType":"column"}],"isInner":true,"elType":"section"}],"isInner":false,"elType":"column"},{"id":"33ee9627","settings":{"_column_size":50,"_inline_size":null,"_inline_size_tablet":100,"content_position":"center","padding":{"unit":"em","top":"1","right":"1","bottom":"1","left":"1","isLinked":true},"padding_tablet":{"unit":"em","top":"","right":"","bottom":"","left":"","isLinked":true},"padding_mobile":{"unit":"em","top":"","right":"","bottom":"","left":"","isLinked":true}},"elements":[{"id":"7503b3ee","settings":{"title":"welcome to credice","header_size":"h6","align":"left","__globals__":{"typography_typography":"globals\/typography?id=ce6e115","title_color":"globals\/colors?id=secondary"},"align_tablet":"center"},"elements":[],"isInner":false,"widgetType":"heading","elType":"widget"},{"id":"3215ee5e","settings":{"title":"since 2010, we have been providing service and satisfaction to our customers, and we managed to rank in the top rank for insurance company.","header_size":"h3","align":"left","align_tablet":"center","__globals__":{"typography_typography":"globals\/typography?id=d478caa"}},"elements":[],"isInner":false,"widgetType":"heading","elType":"widget"},{"id":"2abf6875","settings":{"editor":"<p><em><strong>Lorem ipsum dolor sit amet, consectetur adipiscing elit. Ut elit tellus, luctus nec ullamcorper mattis, pulvinar dapibus leo.<\/strong><\/em><\/p>","align_tablet":"center","align":"left","__globals__":{"typography_typography":"globals\/typography?id=text"}},"elements":[],"isInner":false,"widgetType":"text-editor","elType":"widget"},{"id":"4ee0f643","settings":{"editor":"<p>Lorem ipsum dolor sit amet, consectetur adipiscing elit. Nam ac nisi in ligula luctus mollis id quis ligula. Fusce quis sollicitudin augue. Donec pretium cursus est, ut aliquet felis placerat congue. Integer sit amet urna non mauris congue venenatis at sit amet dolor. Etiam sapien turpis, tincidunt at risus sit amet, elementum tempus ante.<\/p>","align_tablet":"center","__globals__":{"typography_typography":"globals\/typography?id=text"}},"elements":[],"isInner":false,"widgetType":"text-editor","elType":"widget"}],"isInner":false,"elType":"column"}],"isInner":false,"elType":"section"},{"id":"478ed48c","settings":{"structure":"30","background_overlay_background":"classic","background_overlay_image":{"url":"http:\/\/tykit.rometheme.pro\/credice\/wp-content\/uploads\/sites\/66\/2022\/05\/bgs2.2.png","id":48,"alt":"","source":"library"},"background_overlay_position":"bottom right","background_overlay_repeat":"no-repeat","background_overlay_size":"initial","background_overlay_bg_width":{"unit":"vw","size":12,"sizes":[]},"background_overlay_bg_width_tablet":{"unit":"vw","size":"","sizes":[]},"background_overlay_bg_width_mobile":{"unit":"vw","size":"","sizes":[]},"background_overlay_opacity":{"unit":"px","size":0.15,"sizes":[]},"padding":{"unit":"em","top":"1","right":"1","bottom":"3","left":"1","isLinked":false},"padding_tablet":{"unit":"em","top":"","right":"","bottom":"","left":"","isLinked":true},"padding_mobile":{"unit":"em","top":"","right":"","bottom":"","left":"","isLinked":true},"_title":"Counter Section"},"elements":[{"id":"2646e3c3","settings":{"_column_size":33,"_inline_size":null,"_inline_size_tablet":50,"padding":{"unit":"em","top":"1","right":"1","bottom":"1","left":"1","isLinked":true},"padding_tablet":{"unit":"em","top":"","right":"","bottom":"","left":"","isLinked":true},"padding_mobile":{"unit":"em","top":"","right":"","bottom":"","left":"","isLinked":true}},"elements":[{"id":"53755298","settings":{"ending_number":2578,"title":"Insurance policies issued","__globals__":{"typography_number_typography":"globals\/typography?id=89aa5e9","typography_title_typography":"globals\/typography?id=4381534","number_color":"globals\/colors?id=secondary","title_color":"globals\/colors?id=primary"}},"elements":[],"isInner":false,"widgetType":"counter","elType":"widget"},{"id":"64c421a7","settings":{"align":"center","__globals__":{"typography_typography":"globals\/typography?id=text"}},"elements":[],"isInner":false,"widgetType":"text-editor","elType":"widget"}],"isInner":false,"elType":"column"},{"id":"529764e0","settings":{"_column_size":33,"_inline_size":null,"_inline_size_tablet":50,"padding":{"unit":"em","top":"1","right":"1","bottom":"1","left":"1","isLinked":true},"padding_tablet":{"unit":"em","top":"","right":"","bottom":"","left":"","isLinked":true},"padding_mobile":{"unit":"em","top":"","right":"","bottom":"","left":"","isLinked":true}},"elements":[{"id":"6f44dc80","settings":{"ending_number":90,"suffix":"%","title":"succeed claim paid","__globals__":{"typography_number_typography":"globals\/typography?id=89aa5e9","typography_title_typography":"globals\/typography?id=4381534","number_color":"globals\/colors?id=secondary","title_color":"globals\/colors?id=primary"}},"elements":[],"isInner":false,"widgetType":"counter","elType":"widget"},{"id":"5f01b6b9","settings":{"align":"center","__globals__":{"typography_typography":"globals\/typography?id=text"}},"elements":[],"isInner":false,"widgetType":"text-editor","elType":"widget"}],"isInner":false,"elType":"column"},{"id":"46ab4d0","settings":{"_column_size":33,"_inline_size":null,"_inline_size_tablet":100,"padding":{"unit":"em","top":"1","right":"1","bottom":"1","left":"1","isLinked":true},"padding_tablet":{"unit":"em","top":"","right":"","bottom":"","left":"","isLinked":true},"padding_mobile":{"unit":"em","top":"","right":"","bottom":"","left":"","isLinked":true}},"elements":[{"id":"748bc07f","settings":{"ending_number":50000,"suffix":"+","title":"insurance client","__globals__":{"typography_number_typography":"globals\/typography?id=89aa5e9","typography_title_typography":"globals\/typography?id=4381534","number_color":"globals\/colors?id=secondary","title_color":"globals\/colors?id=primary"}},"elements":[],"isInner":false,"widgetType":"counter","elType":"widget"},{"id":"5959d701","settings":{"align":"center","__globals__":{"typography_typography":"globals\/typography?id=text"}},"elements":[],"isInner":false,"widgetType":"text-editor","elType":"widget"}],"isInner":false,"elType":"column"}],"isInner":false,"elType":"section"},{"id":"3d053d06","settings":{"overflow":"hidden","padding":{"unit":"em","top":"3","right":"1","bottom":"3","left":"1","isLinked":false},"padding_tablet":{"unit":"em","top":"","right":"","bottom":"","left":"","isLinked":true},"padding_mobile":{"unit":"em","top":"","right":"","bottom":"","left":"","isLinked":true},"_title":"CTA Section"},"elements":[{"id":"14dc6c31","settings":{"_column_size":100,"_inline_size":null,"background_background":"classic","background_overlay_background":"classic","background_overlay_image":{"url":"http:\/\/tykit.rometheme.pro\/credice\/wp-content\/uploads\/sites\/66\/2022\/05\/bgs2.4.png","id":111,"alt":"","source":"library"},"background_overlay_position":"center center","background_overlay_opacity":{"unit":"px","size":0.15,"sizes":[]},"padding":{"unit":"em","top":"2","right":"2","bottom":"2","left":"2","isLinked":true},"padding_tablet":{"unit":"em","top":"","right":"","bottom":"","left":"","isLinked":true},"padding_mobile":{"unit":"em","top":"","right":"","bottom":"","left":"","isLinked":true},"animation":"fadeInUp","__globals__":{"background_color":"globals\/colors?id=secondary"}},"elements":[{"id":"432f803c","settings":{"structure":"30"},"elements":[{"id":"7612857","settings":{"_column_size":33,"_inline_size":45.526,"_inline_size_tablet":100,"content_position":"center","space_between_widgets":5},"elements":[{"id":"145f9b23","settings":{"title":"still curious to know about credice ?","header_size":"h3","align":"left","align_tablet":"center","__globals__":{"title_color":"globals\/colors?id=ca42620","typography_typography":"globals\/typography?id=d478caa"}},"elements":[],"isInner":false,"widgetType":"heading","elType":"widget"}],"isInner":true,"elType":"column"},{"id":"dd825c0","settings":{"_column_size":33,"_inline_size":35.283,"_inline_size_tablet":100,"content_position":"center"},"elements":[{"id":"6de5b375","settings":{"title":" Download Our Brochure......","header_size":"h6","align":"left","align_tablet":"center","__globals__":{"title_color":"globals\/colors?id=0abfcda","typography_typography":"globals\/typography?id=ce6e115"}},"elements":[],"isInner":false,"widgetType":"heading","elType":"widget"}],"isInner":true,"elType":"column"},{"id":"1b8eae5","settings":{"_column_size":33,"_inline_size":18.833,"_inline_size_tablet":100},"elements":[{"id":"7f82f0cd","settings":{"text":"download","selected_icon":{"value":"fas fa-file-pdf","library":"fa-solid"},"icon_indent":{"unit":"px","size":10,"sizes":[]},"__globals__":{"hover_color":"globals\/colors?id=ca42620","button_background_hover_color":"globals\/colors?id=8fe369a"},"_padding_tablet":{"unit":"em","top":"0","right":"0","bottom":"0","left":"0","isLinked":true},"_padding_mobile":{"unit":"em","top":"0","right":"0","bottom":"0","left":"0","isLinked":true},"align":"left","align_tablet":"center"},"elements":[],"isInner":false,"widgetType":"button","elType":"widget"}],"isInner":true,"elType":"column"}],"isInner":true,"elType":"section"}],"isInner":false,"elType":"column"}],"isInner":false,"elType":"section"},{"id":"5ad7dfa8","settings":{"structure":"20","background_background":"classic","background_image":{"url":"","id":"","alt":"","source":"library"},"background_position":"center right","background_repeat":"no-repeat","background_size":"initial","background_bg_width":{"unit":"%","size":15,"sizes":[]},"background_overlay_background":"classic","background_overlay_image":{"url":"","id":"","alt":"","source":"library"},"background_overlay_position":"top left","background_overlay_repeat":"no-repeat","background_overlay_size":"initial","background_overlay_bg_width":{"unit":"%","size":10,"sizes":[]},"background_overlay_opacity":{"unit":"px","size":0.15,"sizes":[]},"padding":{"unit":"em","top":"6","right":"1","bottom":"6","left":"1","isLinked":false},"padding_tablet":{"unit":"em","top":"","right":"","bottom":"","left":"","isLinked":true},"padding_mobile":{"unit":"em","top":"","right":"","bottom":"","left":"","isLinked":true},"_title":"Our mission Section","overflow":"hidden","reverse_order_tablet":"reverse-tablet","reverse_order_mobile":"reverse-mobile"},"elements":[{"id":"1eb84b99","settings":{"_column_size":50,"_inline_size":null,"padding":{"unit":"em","top":"1","right":"1","bottom":"1","left":"1","isLinked":true},"padding_tablet":{"unit":"em","top":"","right":"","bottom":"","left":"","isLinked":true},"padding_mobile":{"unit":"em","top":"","right":"","bottom":"","left":"","isLinked":true},"_inline_size_tablet":100},"elements":[{"id":"3ee07f4a","settings":{"title":"our mission","header_size":"h6","align":"left","__globals__":{"typography_typography":"globals\/typography?id=ce6e115","title_color":"globals\/colors?id=secondary"},"align_tablet":"center"},"elements":[],"isInner":false,"widgetType":"heading","elType":"widget"},{"id":"47e95357","settings":{"title":"Trust us for the rest of your life.","align":"left","__globals__":{"typography_typography":"globals\/typography?id=9b2799d"},"_margin":{"unit":"%","top":"0","right":"20","bottom":"0","left":"0","isLinked":false},"_margin_tablet":{"unit":"%","top":"0","right":"0","bottom":"0","left":"0","isLinked":false},"_margin_mobile":{"unit":"%","top":"","right":"","bottom":"","left":"","isLinked":true},"align_tablet":"center"},"elements":[],"isInner":false,"widgetType":"heading","elType":"widget"},{"id":"413975fa","settings":{"selected_icon":{"value":"fas fa-hands-helping","library":"fa-solid"},"view":"stacked","title_text":"Provide future planning solution and trusted protection with excellent service","description_text":"Lorem ipsum dolor sit amet, consectetur adipiscing elit. Ut elit tellus, luctus nec ullamcorper mattis, pulvinar dapibus leo.","position":"left","title_size":"h5","icon_space":{"unit":"px","size":30,"sizes":[]},"icon_size":{"unit":"px","size":30,"sizes":[]},"content_vertical_alignment":"middle","title_bottom_space":{"unit":"px","size":5,"sizes":[]},"__globals__":{"primary_color":"globals\/colors?id=secondary","secondary_color":"globals\/colors?id=ca42620","title_typography_typography":"globals\/typography?id=4381534","description_typography_typography":"globals\/typography?id=text"},"position_mobile":"left"},"elements":[],"isInner":false,"widgetType":"icon-box","elType":"widget"},{"id":"8a72575","settings":{"space":{"unit":"px","size":40,"sizes":[]},"_margin":{"unit":"%","top":"-3","right":"0","bottom":"-3","left":"4","isLinked":false},"_margin_tablet":{"unit":"%","top":"","right":"","bottom":"","left":"","isLinked":true},"_margin_mobile":{"unit":"%","top":"-25","right":"0","bottom":"-4","left":"11","isLinked":false},"_border_border":"solid","_border_width":{"unit":"px","top":"0","right":"0","bottom":"0","left":"2","isLinked":false},"__globals__":{"_border_color":"globals\/colors?id=secondary"}},"elements":[],"isInner":false,"widgetType":"spacer","elType":"widget"},{"id":"5f074b4","settings":{"selected_icon":{"value":"far fa-eye","library":"fa-regular"},"view":"stacked","title_text":"To become the nation's leading insurance company","description_text":"Lorem ipsum dolor sit amet, consectetur adipiscing elit. Ut elit tellus, luctus nec ullamcorper mattis, pulvinar dapibus leo.","position":"left","title_size":"h5","icon_space":{"unit":"px","size":30,"sizes":[]},"icon_size":{"unit":"px","size":30,"sizes":[]},"content_vertical_alignment":"middle","title_bottom_space":{"unit":"px","size":5,"sizes":[]},"__globals__":{"primary_color":"globals\/colors?id=secondary","secondary_color":"globals\/colors?id=ca42620","title_typography_typography":"globals\/typography?id=4381534","description_typography_typography":"globals\/typography?id=text"},"position_mobile":"left"},"elements":[],"isInner":false,"widgetType":"icon-box","elType":"widget"},{"id":"5f5410ca","settings":{"space":{"unit":"px","size":40,"sizes":[]},"_margin":{"unit":"%","top":"-3","right":"0","bottom":"-3","left":"4","isLinked":false},"_margin_tablet":{"unit":"%","top":"","right":"","bottom":"","left":"","isLinked":true},"_margin_mobile":{"unit":"%","top":"-20","right":"0","bottom":"-4","left":"11","isLinked":false},"_border_border":"solid","_border_width":{"unit":"px","top":"0","right":"0","bottom":"0","left":"2","isLinked":false},"__globals__":{"_border_color":"globals\/colors?id=secondary"}},"elements":[],"isInner":false,"widgetType":"spacer","elType":"widget"},{"id":"56680fa1","settings":{"selected_icon":{"value":"fas fa-users","library":"fa-solid"},"view":"stacked","title_text":"Developing a professional human resource quality","description_text":"Lorem ipsum dolor sit amet, consectetur adipiscing elit. Ut elit tellus, luctus nec ullamcorper mattis, pulvinar dapibus leo.","position":"left","title_size":"h5","icon_space":{"unit":"px","size":30,"sizes":[]},"icon_size":{"unit":"px","size":30,"sizes":[]},"content_vertical_alignment":"middle","title_bottom_space":{"unit":"px","size":5,"sizes":[]},"__globals__":{"primary_color":"globals\/colors?id=secondary","secondary_color":"globals\/colors?id=ca42620","title_typography_typography":"globals\/typography?id=4381534","description_typography_typography":"globals\/typography?id=text"},"position_mobile":"left"},"elements":[],"isInner":false,"widgetType":"icon-box","elType":"widget"}],"isInner":false,"elType":"column"},{"id":"224cc1ae","settings":{"_column_size":50,"_inline_size":null,"padding":{"unit":"em","top":"1","right":"1","bottom":"1","left":"1","isLinked":true},"padding_tablet":{"unit":"em","top":"","right":"","bottom":"","left":"","isLinked":true},"padding_mobile":{"unit":"em","top":"","right":"","bottom":"","left":"","isLinked":true},"_inline_size_tablet":100},"elements":[{"id":"23341e50","settings":{"image":{"url":"http:\/\/tykit.rometheme.pro\/credice\/wp-content\/uploads\/sites\/66\/2022\/05\/family-with-senior-parents-and-adult-offspring-eat-2022-02-08-22-39-25-utc.jpg","id":75,"alt":"","source":"library"},"image_size":"full","align":"left","_animation":"fadeInRight"},"elements":[],"isInner":false,"widgetType":"image","elType":"widget"},{"id":"5a1f7490","settings":{"margin":{"unit":"%","top":"-20","right":0,"bottom":"0","left":0,"isLinked":false},"margin_tablet":{"unit":"%","top":"","right":"","bottom":"","left":"","isLinked":true},"margin_mobile":{"unit":"%","top":"","right":"","bottom":"","left":"","isLinked":true},"z_index":2,"animation":"fadeInUp","animation_delay":100},"elements":[{"id":"1299b8b3","settings":{"_column_size":100,"_inline_size":null,"space_between_widgets":5,"background_background":"classic","margin":{"unit":"%","top":"0","right":"0","bottom":"0","left":"45","isLinked":false},"margin_tablet":{"unit":"%","top":"","right":"","bottom":"","left":"","isLinked":true},"margin_mobile":{"unit":"%","top":"0","right":"0","bottom":"0","left":"8","isLinked":false},"padding":{"unit":"em","top":"3","right":"3","bottom":"3","left":"3","isLinked":true},"padding_tablet":{"unit":"em","top":"","right":"","bottom":"","left":"","isLinked":true},"padding_mobile":{"unit":"em","top":"","right":"","bottom":"","left":"","isLinked":true},"__globals__":{"background_color":"globals\/colors?id=secondary"}},"elements":[{"id":"3889eafa","settings":{"title":"Nam faucibus ipsum vel est elementum porttitor. Sed eleifend felis ac fringilla euismod Suspendisse sagittis nisi a neque ultrices laoreet.","header_size":"p","align":"left","__globals__":{"typography_typography":"globals\/typography?id=05ac879","title_color":"globals\/colors?id=ca42620"}},"elements":[],"isInner":false,"widgetType":"heading","elType":"widget"}],"isInner":true,"elType":"column"}],"isInner":true,"elType":"section"}],"isInner":false,"elType":"column"}],"isInner":false,"elType":"section"},{"id":"59591bae","settings":{"background_background":"classic","background_image":{"url":"http:\/\/tykit.rometheme.pro\/credice\/wp-content\/uploads\/sites\/66\/2022\/05\/bgs2.1.png","id":47,"alt":"","source":"library"},"background_position":"center left","background_repeat":"no-repeat","background_size":"initial","background_bg_width":{"unit":"vw","size":15,"sizes":[]},"background_bg_width_tablet":{"unit":"px","size":200,"sizes":[]},"background_bg_width_mobile":{"unit":"px","size":125,"sizes":[]},"background_overlay_background":"classic","background_overlay_image":{"url":"http:\/\/tykit.rometheme.pro\/credice\/wp-content\/uploads\/sites\/66\/2022\/05\/bgs2.2.png","id":48,"alt":"","source":"library"},"background_overlay_position":"bottom right","background_overlay_repeat":"no-repeat","background_overlay_size":"initial","background_overlay_bg_width":{"unit":"vw","size":10,"sizes":[]},"background_overlay_bg_width_tablet":{"unit":"px","size":150,"sizes":[]},"background_overlay_bg_width_mobile":{"unit":"px","size":95,"sizes":[]},"background_overlay_opacity":{"unit":"px","size":0.15,"sizes":[]},"padding":{"unit":"em","top":"6","right":"1","bottom":"6","left":"1","isLinked":false},"padding_tablet":{"unit":"em","top":"","right":"","bottom":"","left":"","isLinked":true},"padding_mobile":{"unit":"em","top":"","right":"","bottom":"","left":"","isLinked":true}},"elements":[{"id":"c07687d","settings":{"_column_size":100,"_inline_size":null,"padding":{"unit":"em","top":"1","right":"1","bottom":"1","left":"1","isLinked":true},"padding_tablet":{"unit":"em","top":"","right":"","bottom":"","left":"","isLinked":true},"padding_mobile":{"unit":"em","top":"","right":"","bottom":"","left":"","isLinked":true}},"elements":[{"id":"3f4f40f9","settings":{"title":"You\u2019re in good hands","header_size":"h6","align":"center","__globals__":{"typography_typography":"globals\/typography?id=ce6e115","title_color":"globals\/colors?id=secondary"}},"elements":[],"isInner":false,"widgetType":"heading","elType":"widget"},{"id":"458cb1e6","settings":{"title":"meet our Marketing Executive agent.","align":"center","_margin":{"unit":"%","top":"0","right":"25","bottom":"0","left":"25","isLinked":false},"_margin_tablet":{"unit":"%","top":"0","right":"0","bottom":"0","left":"0","isLinked":false},"_margin_mobile":{"unit":"%","top":"","right":"","bottom":"","left":"","isLinked":true},"__globals__":{"typography_typography":"globals\/typography?id=9b2799d"}},"elements":[],"isInner":false,"widgetType":"heading","elType":"widget"},{"id":"34e6d121","settings":{"structure":"40","margin":{"unit":"%","top":"2","right":0,"bottom":"0","left":0,"isLinked":false},"margin_tablet":{"unit":"%","top":"","right":"","bottom":"","left":"","isLinked":true},"margin_mobile":{"unit":"%","top":"","right":"","bottom":"","left":"","isLinked":true}},"elements":[{"id":"4de0e938","settings":{"_column_size":25,"_inline_size":null,"_inline_size_tablet":50,"space_between_widgets":10,"border_border":"solid","border_width":{"unit":"px","top":"1","right":"1","bottom":"1","left":"1","isLinked":true},"margin":{"unit":"%","top":"2","right":"2","bottom":"2","left":"2","isLinked":true},"margin_tablet":{"unit":"%","top":"","right":"","bottom":"","left":"","isLinked":true},"margin_mobile":{"unit":"%","top":"","right":"","bottom":"","left":"","isLinked":true},"padding":{"unit":"em","top":"1","right":"1","bottom":"2","left":"1","isLinked":false},"padding_tablet":{"unit":"em","top":"","right":"","bottom":"","left":"","isLinked":true},"padding_mobile":{"unit":"em","top":"","right":"","bottom":"","left":"","isLinked":true},"animation":"fadeInUp","__globals__":{"border_color":"globals\/colors?id=0abfcda"}},"elements":[{"id":"4d801a2a","settings":{"image":{"url":"http:\/\/tykit.rometheme.pro\/credice\/wp-content\/uploads\/sites\/66\/2022\/06\/smiling-businessman-with-cup-of-coffee-sitting-on-2021-08-29-11-43-34-utc.jpg","id":261,"alt":"","source":"library"},"image_size":"full","align":"center","css_filters_hover_css_filter":"custom","css_filters_hover_saturate":{"unit":"px","size":0,"sizes":[]},"background_hover_transition":{"unit":"px","size":0.3,"sizes":[]}},"elements":[],"isInner":false,"widgetType":"image","elType":"widget"},{"id":"4c8aa088","settings":{"title":"Dyas Kardinal","header_size":"h6","align":"center","_padding":{"unit":"px","top":"5","right":"5","bottom":"5","left":"5","isLinked":true},"_background_background":"classic","__globals__":{"typography_typography":"globals\/typography?id=ce6e115","title_color":"globals\/colors?id=ca42620","_background_color":"globals\/colors?id=secondary"}},"elements":[],"isInner":false,"widgetType":"heading","elType":"widget"},{"id":"2338b086","settings":{"title":"+123-245-6789","header_size":"p","align":"center","__globals__":{"typography_typography":"globals\/typography?id=05ac879"}},"elements":[],"isInner":false,"widgetType":"heading","elType":"widget"},{"id":"7c5f7663","settings":{"social_icon_list":[{"social_icon":{"value":"fab fa-facebook","library":"fa-brands"},"_id":"8c65c55"},{"social_icon":{"value":"fab fa-twitter","library":"fa-brands"},"_id":"9da742c"},{"social_icon":{"value":"fab fa-linkedin","library":"fa-brands"},"_id":"658200e"}],"shape":"circle","icon_color":"custom","icon_size":{"unit":"px","size":15,"sizes":[]},"icon_spacing":{"unit":"px","size":15,"sizes":[]},"__globals__":{"icon_primary_color":"globals\/colors?id=secondary","icon_secondary_color":"globals\/colors?id=ca42620","hover_primary_color":"globals\/colors?id=primary","hover_secondary_color":"globals\/colors?id=ca42620"}},"elements":[],"isInner":false,"widgetType":"social-icons","elType":"widget"}],"isInner":true,"elType":"column"},{"id":"5168e25c","settings":{"_column_size":25,"_inline_size":null,"_inline_size_tablet":50,"space_between_widgets":10,"border_border":"solid","border_width":{"unit":"px","top":"1","right":"1","bottom":"1","left":"1","isLinked":true},"margin":{"unit":"%","top":"2","right":"2","bottom":"2","left":"2","isLinked":true},"margin_tablet":{"unit":"%","top":"","right":"","bottom":"","left":"","isLinked":true},"margin_mobile":{"unit":"%","top":"","right":"","bottom":"","left":"","isLinked":true},"padding":{"unit":"em","top":"1","right":"1","bottom":"2","left":"1","isLinked":false},"padding_tablet":{"unit":"em","top":"","right":"","bottom":"","left":"","isLinked":true},"padding_mobile":{"unit":"em","top":"","right":"","bottom":"","left":"","isLinked":true},"animation":"fadeInUp","animation_delay":100,"__globals__":{"border_color":"globals\/colors?id=0abfcda"}},"elements":[{"id":"6cca06d6","settings":{"image":{"url":"http:\/\/tykit.rometheme.pro\/credice\/wp-content\/uploads\/sites\/66\/2022\/06\/businesswoman-working-on-laptop-computer-sitting-a-2021-12-14-22-52-25-utc.jpg","id":264,"alt":"","source":"library"},"image_size":"full","align":"center","css_filters_hover_css_filter":"custom","css_filters_hover_saturate":{"unit":"px","size":0,"sizes":[]},"background_hover_transition":{"unit":"px","size":0.3,"sizes":[]},"image_box_shadow_box_shadow":{"horizontal":0,"vertical":10,"blur":10,"spread":0,"color":"rgba(0,0,0,0.5)"}},"elements":[],"isInner":false,"widgetType":"image","elType":"widget"},{"id":"427cb5c2","settings":{"title":"Elsa Verina","header_size":"h6","align":"center","_padding":{"unit":"px","top":"5","right":"5","bottom":"5","left":"5","isLinked":true},"_background_background":"classic","__globals__":{"typography_typography":"globals\/typography?id=ce6e115","title_color":"globals\/colors?id=ca42620","_background_color":"globals\/colors?id=secondary"}},"elements":[],"isInner":false,"widgetType":"heading","elType":"widget"},{"id":"47669559","settings":{"title":"+123-245-6789","header_size":"p","align":"center","__globals__":{"typography_typography":"globals\/typography?id=05ac879"}},"elements":[],"isInner":false,"widgetType":"heading","elType":"widget"},{"id":"3739a25c","settings":{"social_icon_list":[{"social_icon":{"value":"fab fa-facebook","library":"fa-brands"},"_id":"8c65c55"},{"social_icon":{"value":"fab fa-twitter","library":"fa-brands"},"_id":"9da742c"},{"social_icon":{"value":"fab fa-linkedin","library":"fa-brands"},"_id":"658200e"}],"shape":"circle","icon_color":"custom","icon_size":{"unit":"px","size":15,"sizes":[]},"icon_spacing":{"unit":"px","size":15,"sizes":[]},"__globals__":{"icon_primary_color":"globals\/colors?id=secondary","icon_secondary_color":"globals\/colors?id=ca42620","hover_primary_color":"globals\/colors?id=primary","hover_secondary_color":"globals\/colors?id=ca42620"}},"elements":[],"isInner":false,"widgetType":"social-icons","elType":"widget"}],"isInner":true,"elType":"column"},{"id":"377b61cd","settings":{"_column_size":25,"_inline_size":null,"_inline_size_tablet":50,"space_between_widgets":10,"border_border":"solid","border_width":{"unit":"px","top":"1","right":"1","bottom":"1","left":"1","isLinked":true},"margin":{"unit":"%","top":"2","right":"2","bottom":"2","left":"2","isLinked":true},"margin_tablet":{"unit":"%","top":"","right":"","bottom":"","left":"","isLinked":true},"margin_mobile":{"unit":"%","top":"","right":"","bottom":"","left":"","isLinked":true},"padding":{"unit":"em","top":"1","right":"1","bottom":"2","left":"1","isLinked":false},"padding_tablet":{"unit":"em","top":"","right":"","bottom":"","left":"","isLinked":true},"padding_mobile":{"unit":"em","top":"","right":"","bottom":"","left":"","isLinked":true},"animation":"fadeInUp","animation_delay":200,"__globals__":{"border_color":"globals\/colors?id=0abfcda"}},"elements":[{"id":"2312b81b","settings":{"image":{"url":"http:\/\/tykit.rometheme.pro\/credice\/wp-content\/uploads\/sites\/66\/2022\/06\/smiling-businessman-with-headphones-using-a-digita-2022-03-08-01-01-44-utc.jpg","id":266,"alt":"","source":"library"},"image_size":"full","align":"center","css_filters_hover_css_filter":"custom","css_filters_hover_saturate":{"unit":"px","size":0,"sizes":[]},"background_hover_transition":{"unit":"px","size":0.3,"sizes":[]}},"elements":[],"isInner":false,"widgetType":"image","elType":"widget"},{"id":"738edc58","settings":{"title":"Kumto Warming","header_size":"h6","align":"center","_padding":{"unit":"px","top":"5","right":"5","bottom":"5","left":"5","isLinked":true},"_background_background":"classic","__globals__":{"typography_typography":"globals\/typography?id=ce6e115","title_color":"globals\/colors?id=ca42620","_background_color":"globals\/colors?id=secondary"}},"elements":[],"isInner":false,"widgetType":"heading","elType":"widget"},{"id":"4ffb919b","settings":{"title":"+123-245-6789","header_size":"p","align":"center","__globals__":{"typography_typography":"globals\/typography?id=05ac879"}},"elements":[],"isInner":false,"widgetType":"heading","elType":"widget"},{"id":"5d022ae","settings":{"social_icon_list":[{"social_icon":{"value":"fab fa-facebook","library":"fa-brands"},"_id":"8c65c55"},{"social_icon":{"value":"fab fa-twitter","library":"fa-brands"},"_id":"9da742c"},{"social_icon":{"value":"fab fa-linkedin","library":"fa-brands"},"_id":"658200e"}],"shape":"circle","icon_color":"custom","icon_size":{"unit":"px","size":15,"sizes":[]},"icon_spacing":{"unit":"px","size":15,"sizes":[]},"__globals__":{"icon_primary_color":"globals\/colors?id=secondary","icon_secondary_color":"globals\/colors?id=ca42620","hover_primary_color":"globals\/colors?id=primary","hover_secondary_color":"globals\/colors?id=ca42620"}},"elements":[],"isInner":false,"widgetType":"social-icons","elType":"widget"}],"isInner":true,"elType":"column"},{"id":"5592e248","settings":{"_column_size":25,"_inline_size":null,"_inline_size_tablet":50,"space_between_widgets":10,"border_border":"solid","border_width":{"unit":"px","top":"1","right":"1","bottom":"1","left":"1","isLinked":true},"margin":{"unit":"%","top":"2","right":"2","bottom":"2","left":"2","isLinked":true},"margin_tablet":{"unit":"%","top":"","right":"","bottom":"","left":"","isLinked":true},"margin_mobile":{"unit":"%","top":"","right":"","bottom":"","left":"","isLinked":true},"padding":{"unit":"em","top":"1","right":"1","bottom":"2","left":"1","isLinked":false},"padding_tablet":{"unit":"em","top":"","right":"","bottom":"","left":"","isLinked":true},"padding_mobile":{"unit":"em","top":"","right":"","bottom":"","left":"","isLinked":true},"animation":"fadeInUp","animation_delay":300,"__globals__":{"border_color":"globals\/colors?id=0abfcda"}},"elements":[{"id":"675750b3","settings":{"image":{"url":"http:\/\/tykit.rometheme.pro\/credice\/wp-content\/uploads\/sites\/66\/2022\/06\/portrait-of-young-businesswoman-2021-08-26-15-35-35-utc.jpg","id":267,"alt":"","source":"library"},"image_size":"full","align":"center","css_filters_hover_css_filter":"custom","css_filters_hover_saturate":{"unit":"px","size":0,"sizes":[]},"background_hover_transition":{"unit":"px","size":0.3,"sizes":[]}},"elements":[],"isInner":false,"widgetType":"image","elType":"widget"},{"id":"33e59157","settings":{"title":"Puri Maha","header_size":"h6","align":"center","_padding":{"unit":"px","top":"5","right":"5","bottom":"5","left":"5","isLinked":true},"_background_background":"classic","__globals__":{"typography_typography":"globals\/typography?id=ce6e115","title_color":"globals\/colors?id=ca42620","_background_color":"globals\/colors?id=secondary"}},"elements":[],"isInner":false,"widgetType":"heading","elType":"widget"},{"id":"2d9fab","settings":{"title":"+123-245-6789","header_size":"p","align":"center","__globals__":{"typography_typography":"globals\/typography?id=05ac879"}},"elements":[],"isInner":false,"widgetType":"heading","elType":"widget"},{"id":"2f01296e","settings":{"social_icon_list":[{"social_icon":{"value":"fab fa-facebook","library":"fa-brands"},"_id":"8c65c55"},{"social_icon":{"value":"fab fa-twitter","library":"fa-brands"},"_id":"9da742c"},{"social_icon":{"value":"fab fa-linkedin","library":"fa-brands"},"_id":"658200e"}],"shape":"circle","icon_color":"custom","icon_size":{"unit":"px","size":15,"sizes":[]},"icon_spacing":{"unit":"px","size":15,"sizes":[]},"__globals__":{"icon_primary_color":"globals\/colors?id=secondary","icon_secondary_color":"globals\/colors?id=ca42620","hover_primary_color":"globals\/colors?id=primary","hover_secondary_color":"globals\/colors?id=ca42620"}},"elements":[],"isInner":false,"widgetType":"social-icons","elType":"widget"}],"isInner":true,"elType":"column"}],"isInner":true,"elType":"section"}],"isInner":false,"elType":"column"}],"isInner":false,"elType":"section"}],"settings":{"hide_title":"yes"},"metadata":[]}