{"content":[{"id":"392e523b","settings":{"height":"min-height","custom_height":{"unit":"vh","size":35,"sizes":[]},"custom_height_tablet":{"unit":"vh","size":"","sizes":[]},"custom_height_mobile":{"unit":"vh","size":"","sizes":[]},"background_background":"classic","background_image":{"url":"","id":"","alt":"","source":"library"},"background_position":"top center","background_bg_width":{"unit":"vw","size":34,"sizes":[]},"background_bg_width_tablet":{"unit":"vw","size":"","sizes":[]},"background_bg_width_mobile":{"unit":"vw","size":"","sizes":[]},"background_overlay_background":"classic","background_overlay_image":{"url":"http:\/\/tykit.rometheme.pro\/credice\/wp-content\/uploads\/sites\/66\/2022\/06\/bg2.jpg","id":250,"alt":"","source":"library"},"background_overlay_position":"center center","background_overlay_size":"cover","background_overlay_bg_width":{"unit":"vw","size":35,"sizes":[]},"background_overlay_bg_width_tablet":{"unit":"vw","size":"","sizes":[]},"background_overlay_bg_width_mobile":{"unit":"vw","size":"","sizes":[]},"background_overlay_opacity":{"unit":"px","size":0.2,"sizes":[]},"css_filters_css_filter":"custom","css_filters_saturate":{"unit":"px","size":0,"sizes":[]},"__globals__":{"background_color":"globals\/colors?id=secondary"},"_title":"Header Heading Section"},"elements":[{"id":"5e3471fa","settings":{"_column_size":100,"_inline_size":null,"space_between_widgets":10},"elements":[{"id":"2d35908a","settings":{"title":"Services","header_size":"h1","align":"center","__globals__":{"title_color":"globals\/colors?id=ca42620","typography_typography":"globals\/typography?id=89aa5e9"}},"elements":[],"isInner":false,"widgetType":"heading","elType":"widget"},{"id":"777db485","settings":{"editor":"<p><a href=\"#\">Home<\/a> \/ Services<\/p>","align":"center","__globals__":{"typography_typography":"globals\/typography?id=4381534","text_color":"globals\/colors?id=ca42620"}},"elements":[],"isInner":false,"widgetType":"text-editor","elType":"widget"}],"isInner":false,"elType":"column"}],"isInner":false,"elType":"section"},{"id":"345bf585","settings":{"background_background":"classic","background_image":{"url":"http:\/\/tykit.rometheme.pro\/credice\/wp-content\/uploads\/sites\/66\/2022\/05\/bgs2.1.png","id":47,"alt":"","source":"library"},"background_position":"center left","background_repeat":"no-repeat","background_size":"initial","background_bg_width":{"unit":"vw","size":15,"sizes":[]},"background_bg_width_tablet":{"unit":"px","size":200,"sizes":[]},"background_bg_width_mobile":{"unit":"px","size":125,"sizes":[]},"background_overlay_background":"classic","background_overlay_image":{"url":"http:\/\/tykit.rometheme.pro\/credice\/wp-content\/uploads\/sites\/66\/2022\/05\/bgs2.2.png","id":48,"alt":"","source":"library"},"background_overlay_position":"bottom right","background_overlay_repeat":"no-repeat","background_overlay_size":"initial","background_overlay_bg_width":{"unit":"vw","size":12,"sizes":[]},"background_overlay_bg_width_tablet":{"unit":"px","size":150,"sizes":[]},"background_overlay_bg_width_mobile":{"unit":"px","size":95,"sizes":[]},"background_overlay_opacity":{"unit":"px","size":0.15,"sizes":[]},"padding":{"unit":"em","top":"6","right":"1","bottom":"6","left":"1","isLinked":false},"padding_tablet":{"unit":"em","top":"","right":"","bottom":"","left":"","isLinked":true},"padding_mobile":{"unit":"em","top":"","right":"","bottom":"","left":"","isLinked":true},"_title":"Service Section"},"elements":[{"id":"3c313e1b","settings":{"_column_size":100,"_inline_size":null,"padding":{"unit":"em","top":"1","right":"1","bottom":"1","left":"1","isLinked":true},"padding_tablet":{"unit":"em","top":"","right":"","bottom":"","left":"","isLinked":true},"padding_mobile":{"unit":"em","top":"","right":"","bottom":"","left":"","isLinked":true}},"elements":[{"id":"5d950db","settings":{"title":"It\u2019s time to expect more","header_size":"h6","align":"center","__globals__":{"typography_typography":"globals\/typography?id=ce6e115","title_color":"globals\/colors?id=secondary"}},"elements":[],"isInner":false,"widgetType":"heading","elType":"widget"},{"id":"6177d8ad","settings":{"title":"best insurance service for our clients.","align":"center","_margin":{"unit":"%","top":"0","right":"25","bottom":"0","left":"25","isLinked":false},"_margin_tablet":{"unit":"%","top":"0","right":"0","bottom":"0","left":"0","isLinked":false},"_margin_mobile":{"unit":"%","top":"0","right":"0","bottom":"0","left":"0","isLinked":false},"__globals__":{"typography_typography":"globals\/typography?id=9b2799d"}},"elements":[],"isInner":false,"widgetType":"heading","elType":"widget"},{"id":"7e596d64","settings":{"structure":"40","margin":{"unit":"%","top":"2","right":0,"bottom":"0","left":0,"isLinked":false},"margin_tablet":{"unit":"%","top":"","right":"","bottom":"","left":"","isLinked":true},"margin_mobile":{"unit":"%","top":"","right":"","bottom":"","left":"","isLinked":true}},"elements":[{"id":"70e50d12","settings":{"_column_size":25,"_inline_size":null,"_inline_size_tablet":50,"border_border":"solid","border_width":{"unit":"px","top":"1","right":"1","bottom":"1","left":"1","isLinked":true},"margin":{"unit":"%","top":"2","right":"2","bottom":"2","left":"2","isLinked":true},"margin_tablet":{"unit":"%","top":"","right":"","bottom":"","left":"","isLinked":true},"margin_mobile":{"unit":"%","top":"","right":"","bottom":"","left":"","isLinked":true},"padding":{"unit":"em","top":"4","right":"1","bottom":"4","left":"1","isLinked":false},"padding_tablet":{"unit":"em","top":"","right":"","bottom":"","left":"","isLinked":true},"padding_mobile":{"unit":"em","top":"","right":"","bottom":"","left":"","isLinked":true},"__globals__":{"border_color":"globals\/colors?id=0abfcda"}},"elements":[{"id":"6e5c7cfb","settings":{"selected_icon":{"value":"fas fa-heartbeat","library":"fa-solid"},"view":"stacked","title_text":"Life Insurance","description_text":"Lorem ipsum dolor sit amet, consectetur adipiscing elit. Ut elit tellus, luctus nec ullamcorper mattis, pulvinar dapibus leo.","title_size":"h4","icon_size":{"unit":"px","size":35,"sizes":[]},"__globals__":{"title_typography_typography":"globals\/typography?id=53f0900","primary_color":"globals\/colors?id=primary","secondary_color":"globals\/colors?id=ca42620","description_typography_typography":"globals\/typography?id=text"}},"elements":[],"isInner":false,"widgetType":"icon-box","elType":"widget"},{"id":"540ec317","settings":{"text":"Read More","align":"center","_margin":{"unit":"%","top":"4","right":"0","bottom":"0","left":"0","isLinked":false},"_margin_tablet":{"unit":"%","top":"","right":"","bottom":"","left":"","isLinked":true},"_margin_mobile":{"unit":"%","top":"","right":"","bottom":"","left":"","isLinked":true},"__globals__":{"hover_color":"globals\/colors?id=ca42620","button_background_hover_color":"globals\/colors?id=secondary"}},"elements":[],"isInner":false,"widgetType":"button","elType":"widget"}],"isInner":true,"elType":"column"},{"id":"5c140110","settings":{"_column_size":25,"_inline_size":null,"_inline_size_tablet":50,"border_border":"solid","border_width":{"unit":"px","top":"1","right":"1","bottom":"1","left":"1","isLinked":true},"margin":{"unit":"%","top":"2","right":"2","bottom":"2","left":"2","isLinked":true},"margin_tablet":{"unit":"%","top":"","right":"","bottom":"","left":"","isLinked":true},"margin_mobile":{"unit":"%","top":"","right":"","bottom":"","left":"","isLinked":true},"padding":{"unit":"em","top":"4","right":"1","bottom":"4","left":"1","isLinked":false},"padding_tablet":{"unit":"em","top":"","right":"","bottom":"","left":"","isLinked":true},"padding_mobile":{"unit":"em","top":"","right":"","bottom":"","left":"","isLinked":true},"__globals__":{"border_color":"globals\/colors?id=0abfcda"}},"elements":[{"id":"81ccdd9","settings":{"selected_icon":{"value":"fas fa-book-open","library":"fa-solid"},"view":"stacked","title_text":"Education Insurance","description_text":"Lorem ipsum dolor sit amet, consectetur adipiscing elit. Ut elit tellus, luctus nec ullamcorper mattis, pulvinar dapibus leo.","title_size":"h4","icon_size":{"unit":"px","size":35,"sizes":[]},"__globals__":{"title_typography_typography":"globals\/typography?id=53f0900","primary_color":"globals\/colors?id=primary","secondary_color":"globals\/colors?id=ca42620","description_typography_typography":"globals\/typography?id=text"}},"elements":[],"isInner":false,"widgetType":"icon-box","elType":"widget"},{"id":"11b73554","settings":{"text":"Read More","align":"center","_margin":{"unit":"%","top":"4","right":"0","bottom":"0","left":"0","isLinked":false},"_margin_tablet":{"unit":"%","top":"","right":"","bottom":"","left":"","isLinked":true},"_margin_mobile":{"unit":"%","top":"","right":"","bottom":"","left":"","isLinked":true},"__globals__":{"hover_color":"globals\/colors?id=ca42620","button_background_hover_color":"globals\/colors?id=secondary"}},"elements":[],"isInner":false,"widgetType":"button","elType":"widget"}],"isInner":true,"elType":"column"},{"id":"460a3b13","settings":{"_column_size":25,"_inline_size":null,"_inline_size_tablet":50,"border_border":"solid","border_width":{"unit":"px","top":"1","right":"1","bottom":"1","left":"1","isLinked":true},"margin":{"unit":"%","top":"2","right":"2","bottom":"2","left":"2","isLinked":true},"margin_tablet":{"unit":"%","top":"","right":"","bottom":"","left":"","isLinked":true},"margin_mobile":{"unit":"%","top":"","right":"","bottom":"","left":"","isLinked":true},"padding":{"unit":"em","top":"4","right":"1","bottom":"4","left":"1","isLinked":false},"padding_tablet":{"unit":"em","top":"","right":"","bottom":"","left":"","isLinked":true},"padding_mobile":{"unit":"em","top":"","right":"","bottom":"","left":"","isLinked":true},"__globals__":{"border_color":"globals\/colors?id=0abfcda"}},"elements":[{"id":"1910271c","settings":{"selected_icon":{"value":"fas fa-car-crash","library":"fa-solid"},"view":"stacked","title_text":"Car Insurance","description_text":"Lorem ipsum dolor sit amet, consectetur adipiscing elit. Ut elit tellus, luctus nec ullamcorper mattis, pulvinar dapibus leo.","title_size":"h4","icon_size":{"unit":"px","size":35,"sizes":[]},"__globals__":{"title_typography_typography":"globals\/typography?id=53f0900","primary_color":"globals\/colors?id=primary","secondary_color":"globals\/colors?id=ca42620","description_typography_typography":"globals\/typography?id=text"}},"elements":[],"isInner":false,"widgetType":"icon-box","elType":"widget"},{"id":"7d1c9c98","settings":{"text":"Read More","align":"center","_margin":{"unit":"%","top":"4","right":"0","bottom":"0","left":"0","isLinked":false},"_margin_tablet":{"unit":"%","top":"","right":"","bottom":"","left":"","isLinked":true},"_margin_mobile":{"unit":"%","top":"","right":"","bottom":"","left":"","isLinked":true},"__globals__":{"hover_color":"globals\/colors?id=ca42620","button_background_hover_color":"globals\/colors?id=secondary"}},"elements":[],"isInner":false,"widgetType":"button","elType":"widget"}],"isInner":true,"elType":"column"},{"id":"45d76431","settings":{"_column_size":25,"_inline_size":null,"_inline_size_tablet":50,"border_border":"solid","border_width":{"unit":"px","top":"1","right":"1","bottom":"1","left":"1","isLinked":true},"margin":{"unit":"%","top":"2","right":"2","bottom":"2","left":"2","isLinked":true},"margin_tablet":{"unit":"%","top":"","right":"","bottom":"","left":"","isLinked":true},"margin_mobile":{"unit":"%","top":"","right":"","bottom":"","left":"","isLinked":true},"padding":{"unit":"em","top":"4","right":"1","bottom":"4","left":"1","isLinked":false},"padding_tablet":{"unit":"em","top":"","right":"","bottom":"","left":"","isLinked":true},"padding_mobile":{"unit":"em","top":"","right":"","bottom":"","left":"","isLinked":true},"__globals__":{"border_color":"globals\/colors?id=0abfcda"}},"elements":[{"id":"6f496769","settings":{"selected_icon":{"value":"fas fa-money-bill-wave","library":"fa-solid"},"view":"stacked","title_text":"investemnt Insurance","description_text":"Lorem ipsum dolor sit amet, consectetur adipiscing elit. Ut elit tellus, luctus nec ullamcorper mattis, pulvinar dapibus leo.","title_size":"h4","icon_size":{"unit":"px","size":35,"sizes":[]},"__globals__":{"title_typography_typography":"globals\/typography?id=53f0900","primary_color":"globals\/colors?id=primary","secondary_color":"globals\/colors?id=ca42620","description_typography_typography":"globals\/typography?id=text"}},"elements":[],"isInner":false,"widgetType":"icon-box","elType":"widget"},{"id":"36f79f2","settings":{"text":"Read More","align":"center","_margin":{"unit":"%","top":"4","right":"0","bottom":"0","left":"0","isLinked":false},"_margin_tablet":{"unit":"%","top":"","right":"","bottom":"","left":"","isLinked":true},"_margin_mobile":{"unit":"%","top":"","right":"","bottom":"","left":"","isLinked":true},"__globals__":{"hover_color":"globals\/colors?id=ca42620","button_background_hover_color":"globals\/colors?id=secondary"}},"elements":[],"isInner":false,"widgetType":"button","elType":"widget"}],"isInner":true,"elType":"column"}],"isInner":true,"elType":"section"},{"id":"5aca799b","settings":{"structure":"40"},"elements":[{"id":"52815122","settings":{"_column_size":25,"_inline_size":null,"_inline_size_tablet":50,"border_border":"solid","border_width":{"unit":"px","top":"1","right":"1","bottom":"1","left":"1","isLinked":true},"margin":{"unit":"%","top":"2","right":"2","bottom":"2","left":"2","isLinked":true},"margin_tablet":{"unit":"%","top":"","right":"","bottom":"","left":"","isLinked":true},"margin_mobile":{"unit":"%","top":"","right":"","bottom":"","left":"","isLinked":true},"padding":{"unit":"em","top":"4","right":"1","bottom":"4","left":"1","isLinked":false},"padding_tablet":{"unit":"em","top":"","right":"","bottom":"","left":"","isLinked":true},"padding_mobile":{"unit":"em","top":"","right":"","bottom":"","left":"","isLinked":true},"__globals__":{"border_color":"globals\/colors?id=0abfcda"}},"elements":[{"id":"32856a4","settings":{"selected_icon":{"value":"fas fa-home","library":"fa-solid"},"view":"stacked","title_text":"Home Insurance","description_text":"Lorem ipsum dolor sit amet, consectetur adipiscing elit. Ut elit tellus, luctus nec ullamcorper mattis, pulvinar dapibus leo.","title_size":"h4","icon_size":{"unit":"px","size":35,"sizes":[]},"__globals__":{"title_typography_typography":"globals\/typography?id=53f0900","primary_color":"globals\/colors?id=primary","secondary_color":"globals\/colors?id=ca42620","description_typography_typography":"globals\/typography?id=text"}},"elements":[],"isInner":false,"widgetType":"icon-box","elType":"widget"},{"id":"5bf5f1ef","settings":{"text":"Read More","align":"center","_margin":{"unit":"%","top":"4","right":"0","bottom":"0","left":"0","isLinked":false},"_margin_tablet":{"unit":"%","top":"","right":"","bottom":"","left":"","isLinked":true},"_margin_mobile":{"unit":"%","top":"","right":"","bottom":"","left":"","isLinked":true},"__globals__":{"hover_color":"globals\/colors?id=ca42620","button_background_hover_color":"globals\/colors?id=secondary"}},"elements":[],"isInner":false,"widgetType":"button","elType":"widget"}],"isInner":true,"elType":"column"},{"id":"71800c1f","settings":{"_column_size":25,"_inline_size":null,"_inline_size_tablet":50,"border_border":"solid","border_width":{"unit":"px","top":"1","right":"1","bottom":"1","left":"1","isLinked":true},"margin":{"unit":"%","top":"2","right":"2","bottom":"2","left":"2","isLinked":true},"margin_tablet":{"unit":"%","top":"","right":"","bottom":"","left":"","isLinked":true},"margin_mobile":{"unit":"%","top":"","right":"","bottom":"","left":"","isLinked":true},"padding":{"unit":"em","top":"4","right":"1","bottom":"4","left":"1","isLinked":false},"padding_tablet":{"unit":"em","top":"","right":"","bottom":"","left":"","isLinked":true},"padding_mobile":{"unit":"em","top":"","right":"","bottom":"","left":"","isLinked":true},"__globals__":{"border_color":"globals\/colors?id=0abfcda"}},"elements":[{"id":"6710a9dd","settings":{"selected_icon":{"value":"fas fa-user-injured","library":"fa-solid"},"view":"stacked","title_text":"Health Insurance","description_text":"Lorem ipsum dolor sit amet, consectetur adipiscing elit. Ut elit tellus, luctus nec ullamcorper mattis, pulvinar dapibus leo.","title_size":"h4","icon_size":{"unit":"px","size":35,"sizes":[]},"__globals__":{"title_typography_typography":"globals\/typography?id=53f0900","primary_color":"globals\/colors?id=primary","secondary_color":"globals\/colors?id=ca42620","description_typography_typography":"globals\/typography?id=text"}},"elements":[],"isInner":false,"widgetType":"icon-box","elType":"widget"},{"id":"19f867b2","settings":{"text":"Read More","align":"center","_margin":{"unit":"%","top":"4","right":"0","bottom":"0","left":"0","isLinked":false},"_margin_tablet":{"unit":"%","top":"","right":"","bottom":"","left":"","isLinked":true},"_margin_mobile":{"unit":"%","top":"","right":"","bottom":"","left":"","isLinked":true},"__globals__":{"hover_color":"globals\/colors?id=ca42620","button_background_hover_color":"globals\/colors?id=secondary"}},"elements":[],"isInner":false,"widgetType":"button","elType":"widget"}],"isInner":true,"elType":"column"},{"id":"38bffae9","settings":{"_column_size":25,"_inline_size":null,"_inline_size_tablet":50,"border_border":"solid","border_width":{"unit":"px","top":"1","right":"1","bottom":"1","left":"1","isLinked":true},"margin":{"unit":"%","top":"2","right":"2","bottom":"2","left":"2","isLinked":true},"margin_tablet":{"unit":"%","top":"","right":"","bottom":"","left":"","isLinked":true},"margin_mobile":{"unit":"%","top":"","right":"","bottom":"","left":"","isLinked":true},"padding":{"unit":"em","top":"4","right":"1","bottom":"4","left":"1","isLinked":false},"padding_tablet":{"unit":"em","top":"","right":"","bottom":"","left":"","isLinked":true},"padding_mobile":{"unit":"em","top":"","right":"","bottom":"","left":"","isLinked":true},"__globals__":{"border_color":"globals\/colors?id=0abfcda"}},"elements":[{"id":"254610db","settings":{"selected_icon":{"value":"fas fa-plane-departure","library":"fa-solid"},"view":"stacked","title_text":"Travel Insurance","description_text":"Lorem ipsum dolor sit amet, consectetur adipiscing elit. Ut elit tellus, luctus nec ullamcorper mattis, pulvinar dapibus leo.","title_size":"h4","icon_size":{"unit":"px","size":35,"sizes":[]},"__globals__":{"title_typography_typography":"globals\/typography?id=53f0900","primary_color":"globals\/colors?id=primary","secondary_color":"globals\/colors?id=ca42620","description_typography_typography":"globals\/typography?id=text"}},"elements":[],"isInner":false,"widgetType":"icon-box","elType":"widget"},{"id":"15b76e00","settings":{"text":"Read More","align":"center","_margin":{"unit":"%","top":"4","right":"0","bottom":"0","left":"0","isLinked":false},"_margin_tablet":{"unit":"%","top":"","right":"","bottom":"","left":"","isLinked":true},"_margin_mobile":{"unit":"%","top":"","right":"","bottom":"","left":"","isLinked":true},"__globals__":{"hover_color":"globals\/colors?id=ca42620","button_background_hover_color":"globals\/colors?id=secondary"}},"elements":[],"isInner":false,"widgetType":"button","elType":"widget"}],"isInner":true,"elType":"column"},{"id":"cc99979","settings":{"_column_size":25,"_inline_size":null,"_inline_size_tablet":50,"border_border":"solid","border_width":{"unit":"px","top":"1","right":"1","bottom":"1","left":"1","isLinked":true},"margin":{"unit":"%","top":"2","right":"2","bottom":"2","left":"2","isLinked":true},"margin_tablet":{"unit":"%","top":"","right":"","bottom":"","left":"","isLinked":true},"margin_mobile":{"unit":"%","top":"","right":"","bottom":"","left":"","isLinked":true},"padding":{"unit":"em","top":"4","right":"1","bottom":"4","left":"1","isLinked":false},"padding_tablet":{"unit":"em","top":"","right":"","bottom":"","left":"","isLinked":true},"padding_mobile":{"unit":"em","top":"","right":"","bottom":"","left":"","isLinked":true},"__globals__":{"border_color":"globals\/colors?id=0abfcda"}},"elements":[{"id":"573f185c","settings":{"selected_icon":{"value":"fas fa-briefcase","library":"fa-solid"},"view":"stacked","title_text":"Business Insurance","description_text":"Lorem ipsum dolor sit amet, consectetur adipiscing elit. Ut elit tellus, luctus nec ullamcorper mattis, pulvinar dapibus leo.","title_size":"h4","icon_size":{"unit":"px","size":35,"sizes":[]},"__globals__":{"title_typography_typography":"globals\/typography?id=53f0900","primary_color":"globals\/colors?id=primary","secondary_color":"globals\/colors?id=ca42620","description_typography_typography":"globals\/typography?id=text"}},"elements":[],"isInner":false,"widgetType":"icon-box","elType":"widget"},{"id":"36a05772","settings":{"text":"Read More","align":"center","_margin":{"unit":"%","top":"4","right":"0","bottom":"0","left":"0","isLinked":false},"_margin_tablet":{"unit":"%","top":"","right":"","bottom":"","left":"","isLinked":true},"_margin_mobile":{"unit":"%","top":"","right":"","bottom":"","left":"","isLinked":true},"__globals__":{"hover_color":"globals\/colors?id=ca42620","button_background_hover_color":"globals\/colors?id=secondary"}},"elements":[],"isInner":false,"widgetType":"button","elType":"widget"}],"isInner":true,"elType":"column"}],"isInner":true,"elType":"section"}],"isInner":false,"elType":"column"}],"isInner":false,"elType":"section"},{"id":"4bdb8b00","settings":{"padding":{"unit":"em","top":"11","right":"1","bottom":"6","left":"1","isLinked":false},"padding_tablet":{"unit":"em","top":"","right":"","bottom":"","left":"","isLinked":true},"padding_mobile":{"unit":"em","top":"","right":"","bottom":"","left":"","isLinked":true},"_title":"CTA Section","overflow":"hidden"},"elements":[{"id":"75f6139e","settings":{"_column_size":100,"_inline_size":null,"background_background":"classic","background_overlay_background":"classic","padding":{"unit":"px","top":"0","right":"0","bottom":"0","left":"0","isLinked":false},"__globals__":{"background_color":"globals\/colors?id=secondary"},"animation":"fadeInUp"},"elements":[{"id":"183dd818","settings":{"gap":"no","structure":"20","reverse_order_tablet":"reverse-tablet","reverse_order_mobile":"reverse-mobile"},"elements":[{"id":"73505661","settings":{"_column_size":50,"_inline_size":40,"background_background":"classic","background_image":{"url":"http:\/\/tykit.rometheme.pro\/credice\/wp-content\/uploads\/sites\/66\/2022\/05\/bgs2.4.png","id":111,"alt":"","source":"library"},"background_position":"bottom left","background_repeat":"no-repeat","background_size":"initial","background_bg_width":{"unit":"%","size":95,"sizes":[]},"_inline_size_tablet":100},"elements":[{"id":"1e6abb61","settings":{"image":{"url":"http:\/\/tykit.rometheme.pro\/credice\/wp-content\/uploads\/sites\/66\/2022\/05\/good-looking-handsome-man-with-beard-checking-his-2022-02-07-11-48-27-utc.png","id":106,"alt":"","source":"library"},"image_size":"full","width":{"unit":"%","size":100,"sizes":[]},"_margin":{"unit":"%","top":"-31","right":"0","bottom":"0","left":"0","isLinked":false},"_margin_tablet":{"unit":"%","top":"0","right":"0","bottom":"0","left":"0","isLinked":false},"_margin_mobile":{"unit":"%","top":"","right":"","bottom":"","left":"","isLinked":true},"_background_background":"classic","_background_image":{"url":"","id":"","alt":"","source":"library"},"_background_position":"top left","_background_repeat":"no-repeat","_background_size":"initial","_background_bg_width":{"unit":"%","size":29,"sizes":[]},"width_tablet":{"unit":"%","size":74,"sizes":[]}},"elements":[],"isInner":false,"widgetType":"image","elType":"widget"}],"isInner":true,"elType":"column"},{"id":"7b595e2e","settings":{"_column_size":50,"_inline_size":60,"content_position":"center","background_background":"classic","background_overlay_background":"classic","background_overlay_image":{"url":"http:\/\/tykit.rometheme.pro\/credice\/wp-content\/uploads\/sites\/66\/2022\/05\/bgs2.5.png","id":112,"alt":"","source":"library"},"background_overlay_position":"center right","background_overlay_repeat":"no-repeat","background_overlay_size":"initial","background_overlay_bg_width":{"unit":"%","size":85,"sizes":[]},"background_overlay_opacity":{"unit":"px","size":0.25,"sizes":[]},"padding":{"unit":"em","top":"0","right":"5","bottom":"0","left":"0","isLinked":false},"padding_tablet":{"unit":"em","top":"4","right":"4","bottom":"4","left":"4","isLinked":true},"padding_mobile":{"unit":"em","top":"4","right":"1","bottom":"3","left":"1","isLinked":false},"_inline_size_tablet":100},"elements":[{"id":"124c719a","settings":{"title":"No one can surely predict the future, But we can protect it.","align":"left","__globals__":{"title_color":"globals\/colors?id=ca42620","typography_typography":"globals\/typography?id=9b2799d"},"align_tablet":"center"},"elements":[],"isInner":false,"widgetType":"heading","elType":"widget"},{"id":"20cb7501","settings":{"title":"call our agent (+123-456-789) ","header_size":"h4","align":"left","__globals__":{"title_color":"globals\/colors?id=ca42620","typography_typography":"globals\/typography?id=53f0900"},"align_tablet":"center"},"elements":[],"isInner":false,"widgetType":"heading","elType":"widget"},{"id":"36553961","settings":{"text":"call us now","_margin":{"unit":"%","top":"0","right":"0","bottom":"0","left":"0","isLinked":false},"_margin_tablet":{"unit":"%","top":"","right":"","bottom":"","left":"","isLinked":true},"_margin_mobile":{"unit":"%","top":"","right":"","bottom":"","left":"","isLinked":true},"__globals__":{"hover_color":"globals\/colors?id=ca42620","button_background_hover_color":"globals\/colors?id=8fe369a"},"align_tablet":"center"},"elements":[],"isInner":false,"widgetType":"button","elType":"widget"}],"isInner":true,"elType":"column"}],"isInner":true,"elType":"section"}],"isInner":false,"elType":"column"}],"isInner":false,"elType":"section"},{"id":"266c432","settings":{"background_background":"classic","background_image":{"url":"","id":"","alt":"","source":"library"},"background_position":"center right","background_repeat":"no-repeat","background_size":"initial","background_bg_width":{"unit":"%","size":15,"sizes":[]},"background_overlay_background":"classic","background_overlay_image":{"url":"http:\/\/tykit.rometheme.pro\/credice\/wp-content\/uploads\/sites\/66\/2022\/05\/bgs2.2.png","id":48,"alt":"","source":"library"},"background_overlay_position":"top left","background_overlay_repeat":"no-repeat","background_overlay_size":"initial","background_overlay_bg_width":{"unit":"vw","size":15,"sizes":[]},"background_overlay_opacity":{"unit":"px","size":0.15,"sizes":[]},"padding":{"unit":"em","top":"6","right":"1","bottom":"1","left":"1","isLinked":false},"padding_tablet":{"unit":"em","top":"","right":"","bottom":"","left":"","isLinked":true},"padding_mobile":{"unit":"em","top":"","right":"","bottom":"","left":"","isLinked":true},"_title":"Testimonial Heading Section","background_overlay_bg_width_tablet":{"unit":"px","size":150,"sizes":[]},"background_overlay_bg_width_mobile":{"unit":"px","size":95,"sizes":[]}},"elements":[{"id":"506c1521","settings":{"_column_size":100,"_inline_size":null,"padding":{"unit":"em","top":"1","right":"1","bottom":"1","left":"1","isLinked":true},"padding_tablet":{"unit":"em","top":"","right":"","bottom":"","left":"","isLinked":true},"padding_mobile":{"unit":"em","top":"","right":"","bottom":"","left":"","isLinked":true}},"elements":[{"id":"244a3070","settings":{"title":"testimonial","header_size":"h6","align":"center","__globals__":{"typography_typography":"globals\/typography?id=ce6e115","title_color":"globals\/colors?id=secondary"}},"elements":[],"isInner":false,"widgetType":"heading","elType":"widget"},{"id":"342b4131","settings":{"title":"our services has been proven by many client.","align":"center","_margin":{"unit":"%","top":"0","right":"25","bottom":"0","left":"25","isLinked":false},"_margin_tablet":{"unit":"%","top":"0","right":"0","bottom":"0","left":"0","isLinked":false},"_margin_mobile":{"unit":"%","top":"","right":"","bottom":"","left":"","isLinked":true},"__globals__":{"typography_typography":"globals\/typography?id=9b2799d"}},"elements":[],"isInner":false,"widgetType":"heading","elType":"widget"}],"isInner":false,"elType":"column"}],"isInner":false,"elType":"section"},{"id":"36c8823f","settings":{"structure":"30","background_background":"classic","background_image":{"url":"http:\/\/tykit.rometheme.pro\/credice\/wp-content\/uploads\/sites\/66\/2022\/05\/bgs2.3.png","id":81,"alt":"","source":"library"},"background_position":"center right","background_repeat":"no-repeat","background_size":"initial","background_bg_width":{"unit":"vw","size":15,"sizes":[]},"background_overlay_background":"classic","background_overlay_image":{"url":"","id":"","alt":"","source":"library"},"background_overlay_position":"top left","background_overlay_repeat":"no-repeat","background_overlay_size":"initial","background_overlay_bg_width":{"unit":"%","size":10,"sizes":[]},"background_overlay_opacity":{"unit":"px","size":0.15,"sizes":[]},"padding":{"unit":"em","top":"1","right":"1","bottom":"6","left":"1","isLinked":false},"padding_tablet":{"unit":"em","top":"","right":"","bottom":"","left":"","isLinked":true},"padding_mobile":{"unit":"em","top":"","right":"","bottom":"","left":"","isLinked":true},"_title":"Testimonial Section","overflow":"hidden","background_bg_width_tablet":{"unit":"px","size":150,"sizes":[]}},"elements":[{"id":"5831ca3b","settings":{"_column_size":33,"_inline_size":null,"content_position":"center","animation":"fadeInLeft","animation_delay":100,"_inline_size_tablet":25},"elements":[{"id":"30df2764","settings":{"structure":"20"},"elements":[{"id":"4f292be3","settings":{"_column_size":50,"_inline_size":null,"_inline_size_mobile":50},"elements":[{"id":"43dadc8c","settings":{"image":{"url":"http:\/\/tykit.rometheme.pro\/credice\/wp-content\/uploads\/sites\/66\/2022\/05\/team-1.jpg","id":85,"alt":"","source":"library"},"image_size":"full","align":"center","width":{"unit":"%","size":50,"sizes":[]},"_mask_switch":"yes"},"elements":[],"isInner":false,"widgetType":"image","elType":"widget"}],"isInner":true,"elType":"column"},{"id":"7d2c9584","settings":{"_column_size":50,"_inline_size":null,"_inline_size_mobile":50},"elements":[{"id":"2dcc51de","settings":{"image":{"url":"http:\/\/tykit.rometheme.pro\/credice\/wp-content\/uploads\/sites\/66\/2022\/05\/team-4.jpg","id":88,"alt":"","source":"library"},"image_size":"full","align":"center","width":{"unit":"%","size":50,"sizes":[]},"_mask_switch":"yes"},"elements":[],"isInner":false,"widgetType":"image","elType":"widget"}],"isInner":true,"elType":"column"}],"isInner":true,"elType":"section"},{"id":"5b752d67","settings":{"space":{"unit":"px","size":0,"sizes":[]},"_margin":{"unit":"%","top":"-14","right":"40","bottom":"0","left":"40","isLinked":false},"_margin_tablet":{"unit":"%","top":"","right":"","bottom":"","left":"","isLinked":true},"_margin_mobile":{"unit":"%","top":"","right":"","bottom":"","left":"","isLinked":true},"_z_index":1,"_border_border":"dotted","_border_width":{"unit":"px","top":"2","right":"0","bottom":"0","left":"0","isLinked":false},"__globals__":{"_border_color":"globals\/colors?id=primary"}},"elements":[],"isInner":false,"widgetType":"spacer","elType":"widget"}],"isInner":false,"elType":"column"},{"id":"aa0033d","settings":{"_column_size":33,"_inline_size":null,"background_background":"classic","__globals__":{"background_color":"globals\/colors?id=081f9b1"},"animation":"fadeInUp","_inline_size_tablet":50},"elements":[{"id":"17706d41","settings":{"slides":[{"content":"Lorem ipsum dolor sit amet, consectetur adipiscing elit. Ut elit tellus, luctus nec ullamcorper mattis, pulvinar dapibus leo.","name":"Dyas Kardinal","title":"CEO","image":{"url":"http:\/\/tykit.rometheme.pro\/credice\/wp-content\/uploads\/sites\/66\/2022\/05\/team-1.jpg","id":85,"alt":"","source":"library"},"_id":"322d123"},{"content":"Lorem ipsum dolor sit amet, consectetur adipiscing elit. Ut elit tellus, luctus nec ullamcorper mattis, pulvinar dapibus leo.","name":"Elsa Verina","title":"CEO","image":{"url":"http:\/\/tykit.rometheme.pro\/credice\/wp-content\/uploads\/sites\/66\/2022\/05\/team-4.jpg","id":88,"alt":"","source":"library"},"_id":"babe1b5"},{"content":"Lorem ipsum dolor sit amet, consectetur adipiscing elit. Ut elit tellus, luctus nec ullamcorper mattis, pulvinar dapibus leo.","name":"Kumto Warming","title":"CEO","image":{"url":"http:\/\/tykit.rometheme.pro\/credice\/wp-content\/uploads\/sites\/66\/2022\/05\/team-3.jpg","id":87,"alt":"","source":"library"},"_id":"45c04f9"},{"content":"Lorem ipsum dolor sit amet, consectetur adipiscing elit. Ut elit tellus, luctus nec ullamcorper mattis, pulvinar dapibus leo.","name":"Puri Maha","title":"CEO","image":{"url":"http:\/\/tykit.rometheme.pro\/credice\/wp-content\/uploads\/sites\/66\/2022\/05\/team-2.jpg","id":86,"alt":"","source":"library"},"_id":"7cb95d0"}],"slides_per_view":"1","slides_to_scroll":"1","show_arrows":"","pagination":"","speed":2500,"autoplay_speed":2500,"__globals__":{"content_typography_typography":"globals\/typography?id=05ac879","title_typography_typography":"globals\/typography?id=text","name_typography_typography":"globals\/typography?id=05ac879","name_color":"globals\/colors?id=primary","content_color":"globals\/colors?id=text","title_color":"globals\/colors?id=text"},"slides_per_view_tablet":"1","slides_to_scroll_tablet":"1"},"elements":[],"isInner":false,"widgetType":"testimonial-carousel","elType":"widget"}],"isInner":false,"elType":"column"},{"id":"6b3645f6","settings":{"_column_size":33,"_inline_size":null,"content_position":"center","animation":"fadeInRight","animation_delay":100,"_inline_size_tablet":25},"elements":[{"id":"7ffac292","settings":{"structure":"20"},"elements":[{"id":"5b4dceae","settings":{"_column_size":50,"_inline_size":null,"_inline_size_mobile":50},"elements":[{"id":"47dd59c4","settings":{"image":{"url":"http:\/\/tykit.rometheme.pro\/credice\/wp-content\/uploads\/sites\/66\/2022\/05\/team-2.jpg","id":86,"alt":"","source":"library"},"image_size":"full","align":"center","width":{"unit":"%","size":50,"sizes":[]},"_mask_switch":"yes"},"elements":[],"isInner":false,"widgetType":"image","elType":"widget"}],"isInner":true,"elType":"column"},{"id":"dd61cc3","settings":{"_column_size":50,"_inline_size":null,"_inline_size_mobile":50},"elements":[{"id":"3968c63e","settings":{"image":{"url":"http:\/\/tykit.rometheme.pro\/credice\/wp-content\/uploads\/sites\/66\/2022\/05\/team-3.jpg","id":87,"alt":"","source":"library"},"image_size":"full","align":"center","width":{"unit":"%","size":50,"sizes":[]},"_mask_switch":"yes"},"elements":[],"isInner":false,"widgetType":"image","elType":"widget"}],"isInner":true,"elType":"column"}],"isInner":true,"elType":"section"},{"id":"46970010","settings":{"space":{"unit":"px","size":0,"sizes":[]},"_margin":{"unit":"%","top":"-14","right":"40","bottom":"0","left":"40","isLinked":false},"_margin_tablet":{"unit":"%","top":"","right":"","bottom":"","left":"","isLinked":true},"_margin_mobile":{"unit":"%","top":"","right":"","bottom":"","left":"","isLinked":true},"_z_index":1,"_border_border":"dotted","_border_width":{"unit":"px","top":"2","right":"0","bottom":"0","left":"0","isLinked":false},"__globals__":{"_border_color":"globals\/colors?id=primary"}},"elements":[],"isInner":false,"widgetType":"spacer","elType":"widget"}],"isInner":false,"elType":"column"}],"isInner":false,"elType":"section"}],"settings":{"hide_title":"yes"},"metadata":[]}