{"content":[{"id":"576f22a4","settings":{"height":"min-height","custom_height":{"unit":"vh","size":35,"sizes":[]},"custom_height_tablet":{"unit":"vh","size":"","sizes":[]},"custom_height_mobile":{"unit":"vh","size":"","sizes":[]},"background_background":"classic","background_image":{"url":"","id":"","alt":"","source":"library"},"background_position":"top center","background_bg_width":{"unit":"vw","size":34,"sizes":[]},"background_bg_width_tablet":{"unit":"vw","size":"","sizes":[]},"background_bg_width_mobile":{"unit":"vw","size":"","sizes":[]},"background_overlay_background":"classic","background_overlay_image":{"url":"http:\/\/tykit.rometheme.pro\/credice\/wp-content\/uploads\/sites\/66\/2022\/06\/bg2.jpg","id":250,"alt":"","source":"library"},"background_overlay_position":"center center","background_overlay_size":"cover","background_overlay_bg_width":{"unit":"vw","size":35,"sizes":[]},"background_overlay_bg_width_tablet":{"unit":"vw","size":"","sizes":[]},"background_overlay_bg_width_mobile":{"unit":"vw","size":"","sizes":[]},"background_overlay_opacity":{"unit":"px","size":0.2,"sizes":[]},"css_filters_css_filter":"custom","css_filters_saturate":{"unit":"px","size":0,"sizes":[]},"__globals__":{"background_color":"globals\/colors?id=secondary"},"_title":"Header Heading Section"},"elements":[{"id":"739bca82","settings":{"_column_size":100,"_inline_size":null,"space_between_widgets":10},"elements":[{"id":"6aa49f1b","settings":{"title":"Pricing Plan","header_size":"h1","align":"center","__globals__":{"title_color":"globals\/colors?id=ca42620","typography_typography":"globals\/typography?id=89aa5e9"}},"elements":[],"isInner":false,"widgetType":"heading","elType":"widget"},{"id":"1eaf294f","settings":{"editor":"<p><a href=\"#\">Home<\/a> \/ Pricing Plan<\/p>","align":"center","__globals__":{"typography_typography":"globals\/typography?id=4381534","text_color":"globals\/colors?id=ca42620"}},"elements":[],"isInner":false,"widgetType":"text-editor","elType":"widget"}],"isInner":false,"elType":"column"}],"isInner":false,"elType":"section"},{"id":"6996e3c8","settings":{"background_background":"classic","background_image":{"url":"","id":"","alt":"","source":"library"},"background_position":"center right","background_repeat":"no-repeat","background_size":"initial","background_bg_width":{"unit":"%","size":15,"sizes":[]},"background_overlay_background":"classic","background_overlay_image":{"url":"http:\/\/tykit.rometheme.pro\/credice\/wp-content\/uploads\/sites\/66\/2022\/05\/bgs2.2.png","id":48,"alt":"","source":"library"},"background_overlay_position":"top right","background_overlay_repeat":"no-repeat","background_overlay_size":"initial","background_overlay_bg_width":{"unit":"vw","size":15,"sizes":[]},"background_overlay_opacity":{"unit":"px","size":0.15,"sizes":[]},"padding":{"unit":"em","top":"6","right":"1","bottom":"1","left":"1","isLinked":false},"padding_tablet":{"unit":"em","top":"","right":"","bottom":"","left":"","isLinked":true},"padding_mobile":{"unit":"em","top":"","right":"","bottom":"","left":"","isLinked":true},"_title":"Pricing Heading Section","background_overlay_bg_width_tablet":{"unit":"px","size":150,"sizes":[]},"background_overlay_bg_width_mobile":{"unit":"px","size":95,"sizes":[]}},"elements":[{"id":"69c7faff","settings":{"_column_size":100,"_inline_size":null,"padding":{"unit":"em","top":"1","right":"1","bottom":"1","left":"1","isLinked":true},"padding_tablet":{"unit":"em","top":"","right":"","bottom":"","left":"","isLinked":true},"padding_mobile":{"unit":"em","top":"","right":"","bottom":"","left":"","isLinked":true}},"elements":[{"id":"2a105107","settings":{"title":"our best plans","header_size":"h6","align":"center","__globals__":{"typography_typography":"globals\/typography?id=ce6e115","title_color":"globals\/colors?id=secondary"}},"elements":[],"isInner":false,"widgetType":"heading","elType":"widget"},{"id":"60f52ef7","settings":{"title":"Life can be limp, but we\u2019ll help you take shape.","align":"center","_margin":{"unit":"%","top":"0","right":"25","bottom":"0","left":"25","isLinked":false},"_margin_tablet":{"unit":"%","top":"0","right":"0","bottom":"0","left":"0","isLinked":false},"_margin_mobile":{"unit":"%","top":"","right":"","bottom":"","left":"","isLinked":true},"__globals__":{"typography_typography":"globals\/typography?id=9b2799d"}},"elements":[],"isInner":false,"widgetType":"heading","elType":"widget"}],"isInner":false,"elType":"column"}],"isInner":false,"elType":"section"},{"id":"6e3668df","settings":{"structure":"30","background_background":"classic","background_image":{"url":"http:\/\/tykit.rometheme.pro\/credice\/wp-content\/uploads\/sites\/66\/2022\/05\/bgs2.1.png","id":47,"alt":"","source":"library"},"background_position":"center left","background_repeat":"no-repeat","background_size":"initial","background_bg_width":{"unit":"vw","size":15,"sizes":[]},"background_overlay_background":"classic","background_overlay_image":{"url":"","id":"","alt":"","source":"library"},"background_overlay_position":"top left","background_overlay_repeat":"no-repeat","background_overlay_size":"initial","background_overlay_bg_width":{"unit":"%","size":10,"sizes":[]},"background_overlay_opacity":{"unit":"px","size":0.15,"sizes":[]},"padding":{"unit":"em","top":"1","right":"1","bottom":"4","left":"1","isLinked":false},"padding_tablet":{"unit":"em","top":"","right":"","bottom":"","left":"","isLinked":true},"padding_mobile":{"unit":"em","top":"","right":"","bottom":"","left":"","isLinked":true},"_title":"Pricing Section","overflow":"hidden","background_bg_width_tablet":{"unit":"px","size":150,"sizes":[]}},"elements":[{"id":"4c0f0390","settings":{"_column_size":33,"_inline_size":null,"padding":{"unit":"em","top":"1","right":"1","bottom":"1","left":"1","isLinked":true},"padding_tablet":{"unit":"em","top":"","right":"","bottom":"","left":"","isLinked":true},"padding_mobile":{"unit":"em","top":"","right":"","bottom":"","left":"","isLinked":true},"animation":"fadeInUp","_inline_size_tablet":50},"elements":[{"id":"682052b4","settings":{"heading":"Education","sub_heading":"Cras viverra elit non odio","price":"39.99","period":"Monthly","features_list":[{"item_text":"Fxed for entire policy term","_id":"0de3a60"},{"item_text":"De Will be transferred","_id":"2d934f5"},{"item_text":"Documents for verification","_id":"986c177"}],"button_text":"select the plan","footer_additional_info":"Ed cursus massa non arcu","show_ribbon":"","ribbon_title":"Popular","header_bg_color":"#1F74D3","heading_color":"#FFFFFF","heading_typography_typography":"custom","heading_typography_font_family":"Open Sans","heading_typography_font_size":{"unit":"px","size":32,"sizes":[]},"heading_typography_font_weight":"700","heading_typography_text_transform":"capitalize","heading_typography_line_height":{"unit":"em","size":1.1,"sizes":[]},"heading_typography_word_spacing":{"unit":"em","size":"","sizes":[]},"sub_heading_typography_typography":"custom","sub_heading_typography_font_family":"Roboto","sub_heading_typography_font_size":{"unit":"px","size":16,"sizes":[]},"sub_heading_typography_font_weight":"400","pricing_element_bg_color":"#F5FAFF","pricing_element_padding":{"unit":"em","top":"","right":"","bottom":"","left":"","isLinked":true},"pricing_element_padding_tablet":{"unit":"em","top":"","right":"","bottom":"","left":"","isLinked":true},"pricing_element_padding_mobile":{"unit":"em","top":"","right":"","bottom":"","left":"","isLinked":true},"price_color":"#1F74D3","fractional-part_size":{"unit":"px","size":30,"sizes":[]},"period_typography_typography":"custom","period_typography_font_family":"Roboto","period_typography_font_size":{"unit":"px","size":16,"sizes":[]},"period_typography_font_weight":"400","period_position":"beside","features_list_bg_color":"#F5FAFF","features_list_alignment":"left","item_width":{"unit":"px","size":51,"sizes":[]},"divider_weight":{"unit":"px","size":1,"sizes":[]},"divider_gap":{"unit":"px","size":20,"sizes":[]},"footer_bg_color":"#F5FAFF","button_text_color":"#FFFFFF","button_background_color":"#1F74D3","button_hover_color":"#FFFFFF","button_background_hover_color":"#002D5F","__globals__":{"heading_color":"globals\/colors?id=ca42620","header_bg_color":"globals\/colors?id=secondary","heading_typography_typography":"globals\/typography?id=d478caa","sub_heading_typography_typography":"globals\/typography?id=text","pricing_element_bg_color":"globals\/colors?id=081f9b1","features_list_bg_color":"globals\/colors?id=081f9b1","footer_bg_color":"globals\/colors?id=081f9b1","button_text_color":"globals\/colors?id=ca42620","button_background_color":"globals\/colors?id=secondary","button_hover_color":"globals\/colors?id=ca42620","button_background_hover_color":"globals\/colors?id=primary","price_typography_typography":"globals\/typography?id=63bb670","price_color":"globals\/colors?id=secondary","period_typography_typography":"globals\/typography?id=text","period_color":"globals\/colors?id=secondary","features_list_typography_typography":"globals\/typography?id=05ac879","divider_color":"globals\/colors?id=de5d5bd","features_list_color":"globals\/colors?id=secondary","additional_info_typography_typography":"globals\/typography?id=text","additional_info_color":"globals\/colors?id=text"},"item_width_tablet":{"unit":"px","size":75,"sizes":[]}},"elements":[],"isInner":false,"widgetType":"price-table","elType":"widget"}],"isInner":false,"elType":"column"},{"id":"38764ed0","settings":{"_column_size":33,"_inline_size":null,"padding":{"unit":"em","top":"1","right":"1","bottom":"1","left":"1","isLinked":true},"padding_tablet":{"unit":"em","top":"","right":"","bottom":"","left":"","isLinked":true},"padding_mobile":{"unit":"em","top":"","right":"","bottom":"","left":"","isLinked":true},"animation":"fadeInUp","animation_delay":100,"_inline_size_tablet":50},"elements":[{"id":"7859de82","settings":{"heading":"life Protection","sub_heading":"Nunc vel odio ut velit","price":"79.99","period":"Monthly","features_list":[{"item_text":"Fxed for entire policy term","_id":"0de3a60"},{"item_text":"De Will be transferred","_id":"2d934f5"},{"item_text":"Documents for verification","_id":"986c177"}],"button_text":"select the plan","footer_additional_info":"Ed cursus massa non arcu","ribbon_title":"Popular","ribbon_horizontal_position":"right","header_bg_color":"#1F74D3","heading_color":"#FFFFFF","heading_typography_typography":"custom","heading_typography_font_family":"Open Sans","heading_typography_font_size":{"unit":"px","size":32,"sizes":[]},"heading_typography_font_weight":"700","heading_typography_text_transform":"capitalize","heading_typography_line_height":{"unit":"em","size":1.1,"sizes":[]},"heading_typography_word_spacing":{"unit":"em","size":"","sizes":[]},"sub_heading_typography_typography":"custom","sub_heading_typography_font_family":"Roboto","sub_heading_typography_font_size":{"unit":"px","size":16,"sizes":[]},"sub_heading_typography_font_weight":"400","pricing_element_bg_color":"#F5FAFF","pricing_element_padding":{"unit":"em","top":"","right":"","bottom":"","left":"","isLinked":true},"pricing_element_padding_tablet":{"unit":"em","top":"","right":"","bottom":"","left":"","isLinked":true},"pricing_element_padding_mobile":{"unit":"em","top":"","right":"","bottom":"","left":"","isLinked":true},"price_color":"#1F74D3","fractional-part_size":{"unit":"px","size":30,"sizes":[]},"period_typography_typography":"custom","period_typography_font_family":"Roboto","period_typography_font_size":{"unit":"px","size":16,"sizes":[]},"period_typography_font_weight":"400","period_position":"beside","features_list_bg_color":"#F5FAFF","features_list_alignment":"left","item_width":{"unit":"px","size":51,"sizes":[]},"divider_weight":{"unit":"px","size":1,"sizes":[]},"divider_gap":{"unit":"px","size":20,"sizes":[]},"footer_bg_color":"#F5FAFF","button_text_color":"#FFFFFF","button_background_color":"#1F74D3","button_hover_color":"#FFFFFF","button_background_hover_color":"#002D5F","ribbon_distance":{"unit":"px","size":35,"sizes":[]},"__globals__":{"heading_color":"globals\/colors?id=ca42620","header_bg_color":"globals\/colors?id=primary","heading_typography_typography":"globals\/typography?id=d478caa","sub_heading_typography_typography":"globals\/typography?id=text","pricing_element_bg_color":"globals\/colors?id=081f9b1","features_list_bg_color":"globals\/colors?id=081f9b1","footer_bg_color":"globals\/colors?id=081f9b1","button_text_color":"globals\/colors?id=ca42620","button_background_color":"globals\/colors?id=primary","button_hover_color":"globals\/colors?id=ca42620","button_background_hover_color":"globals\/colors?id=secondary","price_typography_typography":"globals\/typography?id=63bb670","price_color":"globals\/colors?id=primary","period_typography_typography":"globals\/typography?id=text","period_color":"globals\/colors?id=primary","features_list_typography_typography":"globals\/typography?id=05ac879","divider_color":"globals\/colors?id=de5d5bd","features_list_color":"globals\/colors?id=primary","additional_info_typography_typography":"globals\/typography?id=text","additional_info_color":"globals\/colors?id=text","ribbon_typography_typography":"globals\/typography?id=ce6e115","ribbon_bg_color":"globals\/colors?id=secondary","ribbon_text_color":"globals\/colors?id=ca42620"},"item_width_tablet":{"unit":"px","size":75,"sizes":[]}},"elements":[],"isInner":false,"widgetType":"price-table","elType":"widget"}],"isInner":false,"elType":"column"},{"id":"12642423","settings":{"_column_size":33,"_inline_size":null,"padding":{"unit":"em","top":"1","right":"1","bottom":"1","left":"1","isLinked":true},"padding_tablet":{"unit":"em","top":"","right":"","bottom":"","left":"","isLinked":true},"padding_mobile":{"unit":"em","top":"","right":"","bottom":"","left":"","isLinked":true},"animation":"fadeInUp","animation_delay":100,"_inline_size_tablet":50},"elements":[{"id":"7025fca5","settings":{"heading":"car insurance","sub_heading":"Aliquam elementum auctor","price":"59.99","period":"Monthly","features_list":[{"item_text":"Fxed for entire policy term","_id":"0de3a60"},{"item_text":"De Will be transferred","_id":"2d934f5"},{"item_text":"Documents for verification","_id":"986c177"}],"button_text":"select the plan","footer_additional_info":"Ed cursus massa non arcu","show_ribbon":"","ribbon_title":"Popular","header_bg_color":"#1F74D3","heading_color":"#FFFFFF","heading_typography_typography":"custom","heading_typography_font_family":"Open Sans","heading_typography_font_size":{"unit":"px","size":32,"sizes":[]},"heading_typography_font_weight":"700","heading_typography_text_transform":"capitalize","heading_typography_line_height":{"unit":"em","size":1.1,"sizes":[]},"heading_typography_word_spacing":{"unit":"em","size":"","sizes":[]},"sub_heading_typography_typography":"custom","sub_heading_typography_font_family":"Roboto","sub_heading_typography_font_size":{"unit":"px","size":16,"sizes":[]},"sub_heading_typography_font_weight":"400","pricing_element_bg_color":"#F5FAFF","pricing_element_padding":{"unit":"em","top":"","right":"","bottom":"","left":"","isLinked":true},"pricing_element_padding_tablet":{"unit":"em","top":"","right":"","bottom":"","left":"","isLinked":true},"pricing_element_padding_mobile":{"unit":"em","top":"","right":"","bottom":"","left":"","isLinked":true},"price_color":"#1F74D3","fractional-part_size":{"unit":"px","size":30,"sizes":[]},"period_typography_typography":"custom","period_typography_font_family":"Roboto","period_typography_font_size":{"unit":"px","size":16,"sizes":[]},"period_typography_font_weight":"400","period_position":"beside","features_list_bg_color":"#F5FAFF","features_list_alignment":"left","item_width":{"unit":"px","size":51,"sizes":[]},"divider_weight":{"unit":"px","size":1,"sizes":[]},"divider_gap":{"unit":"px","size":20,"sizes":[]},"footer_bg_color":"#F5FAFF","button_text_color":"#FFFFFF","button_background_color":"#1F74D3","button_hover_color":"#FFFFFF","button_background_hover_color":"#002D5F","__globals__":{"heading_color":"globals\/colors?id=ca42620","header_bg_color":"globals\/colors?id=secondary","heading_typography_typography":"globals\/typography?id=d478caa","sub_heading_typography_typography":"globals\/typography?id=text","pricing_element_bg_color":"globals\/colors?id=081f9b1","features_list_bg_color":"globals\/colors?id=081f9b1","footer_bg_color":"globals\/colors?id=081f9b1","button_text_color":"globals\/colors?id=ca42620","button_background_color":"globals\/colors?id=secondary","button_hover_color":"globals\/colors?id=ca42620","button_background_hover_color":"globals\/colors?id=primary","price_typography_typography":"globals\/typography?id=63bb670","price_color":"globals\/colors?id=secondary","period_typography_typography":"globals\/typography?id=text","period_color":"globals\/colors?id=secondary","features_list_typography_typography":"globals\/typography?id=05ac879","divider_color":"globals\/colors?id=de5d5bd","features_list_color":"globals\/colors?id=secondary","additional_info_typography_typography":"globals\/typography?id=text","additional_info_color":"globals\/colors?id=text"},"item_width_tablet":{"unit":"px","size":75,"sizes":[]}},"elements":[],"isInner":false,"widgetType":"price-table","elType":"widget"}],"isInner":false,"elType":"column"}],"isInner":false,"elType":"section"},{"id":"6061dac3","settings":{"overflow":"hidden","padding":{"unit":"em","top":"1","right":"1","bottom":"3","left":"1","isLinked":false},"padding_tablet":{"unit":"em","top":"","right":"","bottom":"","left":"","isLinked":true},"padding_mobile":{"unit":"em","top":"","right":"","bottom":"","left":"","isLinked":true},"_title":"CTA Section"},"elements":[{"id":"f9b4a4f","settings":{"_column_size":100,"_inline_size":null,"background_background":"classic","background_overlay_background":"classic","background_overlay_image":{"url":"http:\/\/tykit.rometheme.pro\/credice\/wp-content\/uploads\/sites\/66\/2022\/05\/bgs2.4.png","id":111,"alt":"","source":"library"},"background_overlay_position":"center center","background_overlay_opacity":{"unit":"px","size":0.15,"sizes":[]},"padding":{"unit":"em","top":"2","right":"2","bottom":"2","left":"2","isLinked":true},"padding_tablet":{"unit":"em","top":"","right":"","bottom":"","left":"","isLinked":true},"padding_mobile":{"unit":"em","top":"","right":"","bottom":"","left":"","isLinked":true},"animation":"fadeInUp","__globals__":{"background_color":"globals\/colors?id=secondary"}},"elements":[{"id":"d625bc4","settings":{"structure":"30"},"elements":[{"id":"51450126","settings":{"_column_size":33,"_inline_size":45.526,"_inline_size_tablet":100,"content_position":"center","space_between_widgets":5},"elements":[{"id":"62b963d8","settings":{"title":"still curious to know about credice ?","header_size":"h3","align":"left","align_tablet":"center","__globals__":{"title_color":"globals\/colors?id=ca42620","typography_typography":"globals\/typography?id=d478caa"}},"elements":[],"isInner":false,"widgetType":"heading","elType":"widget"}],"isInner":true,"elType":"column"},{"id":"3b7ad779","settings":{"_column_size":33,"_inline_size":35.283,"_inline_size_tablet":100,"content_position":"center"},"elements":[{"id":"76900b30","settings":{"title":" Download Our Brochure......","header_size":"h6","align":"left","align_tablet":"center","__globals__":{"title_color":"globals\/colors?id=0abfcda","typography_typography":"globals\/typography?id=ce6e115"}},"elements":[],"isInner":false,"widgetType":"heading","elType":"widget"}],"isInner":true,"elType":"column"},{"id":"7278c944","settings":{"_column_size":33,"_inline_size":18.833,"_inline_size_tablet":100},"elements":[{"id":"5907e8c3","settings":{"text":"download","selected_icon":{"value":"fas fa-file-pdf","library":"fa-solid"},"icon_indent":{"unit":"px","size":10,"sizes":[]},"__globals__":{"hover_color":"globals\/colors?id=ca42620","button_background_hover_color":"globals\/colors?id=8fe369a"},"_padding_tablet":{"unit":"em","top":"0","right":"0","bottom":"0","left":"0","isLinked":true},"_padding_mobile":{"unit":"em","top":"0","right":"0","bottom":"0","left":"0","isLinked":true},"align":"left","align_tablet":"center"},"elements":[],"isInner":false,"widgetType":"button","elType":"widget"}],"isInner":true,"elType":"column"}],"isInner":true,"elType":"section"}],"isInner":false,"elType":"column"}],"isInner":false,"elType":"section"},{"id":"7289ceb9","settings":{"structure":"20","padding":{"unit":"em","top":"6","right":"1","bottom":"6","left":"1","isLinked":false},"padding_tablet":{"unit":"em","top":"","right":"","bottom":"","left":"","isLinked":true},"padding_mobile":{"unit":"em","top":"","right":"","bottom":"","left":"","isLinked":true},"background_background":"classic","background_image":{"url":"http:\/\/tykit.rometheme.pro\/credice\/wp-content\/uploads\/sites\/66\/2022\/05\/bgs2.3.png","id":81,"alt":"","source":"library"},"background_position":"center right","background_repeat":"no-repeat","background_size":"initial","background_bg_width":{"unit":"vw","size":15,"sizes":[]},"background_bg_width_tablet":{"unit":"vw","size":10,"sizes":[]},"background_bg_width_mobile":{"unit":"vw","size":20,"sizes":[]},"background_overlay_background":"classic","background_overlay_image":{"url":"http:\/\/tykit.rometheme.pro\/credice\/wp-content\/uploads\/sites\/66\/2022\/05\/bgs2.2.png","id":48,"alt":"","source":"library"},"background_overlay_position":"bottom left","background_overlay_repeat":"no-repeat","background_overlay_size":"initial","background_overlay_bg_width":{"unit":"vw","size":10,"sizes":[]},"background_overlay_bg_width_tablet":{"unit":"px","size":150,"sizes":[]},"background_overlay_bg_width_mobile":{"unit":"px","size":95,"sizes":[]},"background_overlay_opacity":{"unit":"px","size":0.15,"sizes":[]},"_title":"Select Form Section"},"elements":[{"id":"559292a8","settings":{"_column_size":50,"_inline_size":null,"padding":{"unit":"em","top":"1","right":"1","bottom":"1","left":"1","isLinked":true},"padding_tablet":{"unit":"em","top":"","right":"","bottom":"","left":"","isLinked":true},"padding_mobile":{"unit":"em","top":"","right":"","bottom":"","left":"","isLinked":true},"_inline_size_tablet":100,"content_position":"center"},"elements":[{"id":"112c6214","settings":{"title":"select the plan","header_size":"h6","align":"left","__globals__":{"typography_typography":"globals\/typography?id=ce6e115","title_color":"globals\/colors?id=secondary"}},"elements":[],"isInner":false,"widgetType":"heading","elType":"widget"},{"id":"2654a3e5","settings":{"title":"still have any plan in your mind ? dont hasitate to ask","align":"left","__globals__":{"typography_typography":"globals\/typography?id=9b2799d"}},"elements":[],"isInner":false,"widgetType":"heading","elType":"widget"},{"id":"52cf4e10","settings":{"editor":"<p>Lorem ipsum dolor sit amet, consectetur adipiscing elit. Nam ac nisi in ligula luctus mollis id quis ligula. Fusce quis sollicitudin augue.\u00a0<\/p><p>Donec pretium cursus est, ut aliquet felis placerat congue. Integer sit amet urna non mauris congue venenatis at sit amet dolor. Etiam sapien turpis, tincidunt at risus sit amet, elementum tempus ante. Cras viverra elit non odio auctor laoreet. Donec laoreet nibh nisl, sit amet varius lacus viverra eget.<\/p>","__globals__":{"typography_typography":"globals\/typography?id=text"}},"elements":[],"isInner":false,"widgetType":"text-editor","elType":"widget"}],"isInner":false,"elType":"column"},{"id":"5db65b09","settings":{"_column_size":50,"_inline_size":null,"padding":{"unit":"em","top":"1","right":"1","bottom":"1","left":"1","isLinked":true},"padding_tablet":{"unit":"em","top":"","right":"","bottom":"","left":"","isLinked":true},"padding_mobile":{"unit":"em","top":"","right":"","bottom":"","left":"","isLinked":true},"_inline_size_tablet":100},"elements":[{"id":"3e32d541","settings":{"form_name":"Plan Form","form_fields":[{"custom_id":"name","field_label":"Name","placeholder":"Name","_id":"e10e0a4","width":"50"},{"_id":"0077bda","field_type":"number","field_label":"Phone Number","placeholder":"Number","width":"50","custom_id":"field_0077bda"},{"custom_id":"email","field_type":"email","required":"true","field_label":"Email","placeholder":"Email","_id":"6e71a88","width":"50"},{"_id":"6298c34","field_type":"select","field_label":"More Plan","field_options":"Education Insurance|p_education\nLife Insurance|p_education\nHealth Insurance|p_education\nInvestemnt Insurance|p_investemnt","width":"50","custom_id":"field_6298c34"},{"custom_id":"message","field_type":"textarea","field_label":"Message","placeholder":"Message","_id":"bf629a6"}],"step_next_label":"Next","step_previous_label":"Previous","button_text":"Submit Now","email_content":"[all-fields]","email_content_2":"[all-fields]","success_message":"The form was sent successfully.","error_message":"An error occurred.","required_field_message":"This field is required.","invalid_message":"There&#039;s something wrong. The form is invalid.","button_width":"33","label_spacing":{"unit":"px","size":5,"sizes":[]},"__globals__":{"field_typography_typography":"globals\/typography?id=text","label_typography_typography":"globals\/typography?id=05ac879","label_color":"globals\/colors?id=primary","button_text_color":"globals\/colors?id=ca42620","previous_button_text_color":"globals\/colors?id=ca42620","field_background_color":"globals\/colors?id=ca42620","field_border_color":"globals\/colors?id=0abfcda","button_background_hover_color":"globals\/colors?id=secondary","button_hover_color":"globals\/colors?id=ca42620","previous_button_text_color_hover":"globals\/colors?id=ca42620"}},"elements":[],"isInner":false,"widgetType":"form","elType":"widget"}],"isInner":false,"elType":"column"}],"isInner":false,"elType":"section"}],"settings":{"hide_title":"yes"},"metadata":[]}