{"content":[{"id":"7699895","settings":{"height":"min-height","custom_height":{"unit":"vh","size":35,"sizes":[]},"custom_height_tablet":{"unit":"vh","size":"","sizes":[]},"custom_height_mobile":{"unit":"vh","size":"","sizes":[]},"background_background":"classic","background_image":{"url":"","id":"","alt":"","source":"library"},"background_position":"top center","background_bg_width":{"unit":"vw","size":34,"sizes":[]},"background_bg_width_tablet":{"unit":"vw","size":"","sizes":[]},"background_bg_width_mobile":{"unit":"vw","size":"","sizes":[]},"background_overlay_background":"classic","background_overlay_image":{"url":"http:\/\/tykit.rometheme.pro\/credice\/wp-content\/uploads\/sites\/66\/2022\/06\/bg2.jpg","id":250,"alt":"","source":"library"},"background_overlay_position":"center center","background_overlay_size":"cover","background_overlay_bg_width":{"unit":"vw","size":35,"sizes":[]},"background_overlay_bg_width_tablet":{"unit":"vw","size":"","sizes":[]},"background_overlay_bg_width_mobile":{"unit":"vw","size":"","sizes":[]},"background_overlay_opacity":{"unit":"px","size":0.2,"sizes":[]},"css_filters_css_filter":"custom","css_filters_saturate":{"unit":"px","size":0,"sizes":[]},"__globals__":{"background_color":"globals\/colors?id=secondary"},"_title":"Header Heading Section"},"elements":[{"id":"4626b7ba","settings":{"_column_size":100,"_inline_size":null,"space_between_widgets":10},"elements":[{"id":"39c98191","settings":{"__dynamic__":{"title":"[elementor-tag id=\"\" name=\"archive-title\" settings=\"%7B%22include_context%22%3A%22yes%22%2C%22before%22%3A%22%22%2C%22after%22%3A%22%22%2C%22fallback%22%3A%22%22%7D\"]"},"title":"Add Your Heading Text Here","align":"center","__globals__":{"typography_typography":"globals\/typography?id=89aa5e9","title_color":"globals\/colors?id=ca42620"}},"elements":[],"isInner":false,"widgetType":"theme-archive-title","elType":"widget"},{"id":"68ebb650","settings":{"editor":"<p><a href=\"#\">Home<\/a> \/ Archives<\/p>","align":"center","__globals__":{"typography_typography":"globals\/typography?id=4381534","text_color":"globals\/colors?id=ca42620"}},"elements":[],"isInner":false,"widgetType":"text-editor","elType":"widget"}],"isInner":false,"elType":"column"}],"isInner":false,"elType":"section"},{"id":"596eabc8","settings":{"padding":{"unit":"em","top":"6","right":"1","bottom":"3","left":"1","isLinked":false},"padding_tablet":{"unit":"em","top":"","right":"","bottom":"","left":"","isLinked":true},"padding_mobile":{"unit":"em","top":"","right":"","bottom":"","left":"","isLinked":true},"_title":"Blog Archives Section"},"elements":[{"id":"2ea7cc68","settings":{"_column_size":100,"_inline_size":null,"padding":{"unit":"em","top":"1","right":"1","bottom":"1","left":"1","isLinked":true},"padding_tablet":{"unit":"em","top":"","right":"","bottom":"","left":"","isLinked":true},"padding_mobile":{"unit":"em","top":"","right":"","bottom":"","left":"","isLinked":true}},"elements":[{"id":"71ac27a1","settings":{"_skin":"archive_cards","archive_classic_columns":"1","archive_classic_thumbnail_size_size":"full","archive_classic_meta_separator":"\/\/\/","archive_classic_read_more_text":"Read More \u00bb","archive_cards_thumbnail_size_size":"full","archive_cards_meta_separator":"\u2022","archive_cards_show_read_more":"","archive_cards_read_more_text":"Read More \u00bb","archive_cards_show_badge":"","archive_cards_show_avatar":"","archive_full_content_meta_separator":"\/\/\/","archive_cards_card_bg_color":"#FFFFFF","archive_cards_card_border_color":"#D5D5D5","archive_cards_card_border_width":{"unit":"px","size":1,"sizes":[]},"archive_cards_box_shadow_box_shadow_type":"","archive_cards_hover_effect":"none","archive_cards_meta_border_color":"#EAEAEA","archive_cards_title_color":"#002D5F","archive_cards_title_typography_typography":"custom","archive_cards_title_typography_font_family":"Open Sans","archive_cards_title_typography_font_size":{"unit":"rem","size":1.375,"sizes":[]},"archive_cards_title_typography_font_size_tablet":{"unit":"rem","size":1.25,"sizes":[]},"archive_cards_title_typography_font_size_mobile":{"unit":"rem","size":1,"sizes":[]},"archive_cards_title_typography_font_weight":"700","archive_cards_title_typography_text_transform":"capitalize","archive_cards_title_typography_line_height":{"unit":"em","size":1.1,"sizes":[]},"archive_cards_title_typography_word_spacing":{"unit":"em","size":"","sizes":[]},"archive_cards_meta_color":"#7A7A7A","archive_cards_meta_separator_color":"#D5D5D5","archive_cards_meta_typography_typography":"custom","archive_cards_meta_typography_font_family":"Roboto","archive_cards_meta_typography_font_size":{"unit":"rem","size":0.875,"sizes":[]},"archive_cards_meta_typography_font_size_tablet":{"unit":"rem","size":0.875,"sizes":[]},"archive_cards_meta_typography_font_size_mobile":{"unit":"rem","size":0.625,"sizes":[]},"archive_cards_meta_typography_font_weight":"400","archive_cards_meta_typography_line_height":{"unit":"em","size":"","sizes":[]},"archive_cards_meta_typography_word_spacing":{"unit":"em","size":"","sizes":[]},"archive_cards_excerpt_color":"#7A7A7A","archive_cards_excerpt_typography_typography":"custom","archive_cards_excerpt_typography_font_family":"Roboto","archive_cards_excerpt_typography_font_size":{"unit":"rem","size":1,"sizes":[]},"archive_cards_excerpt_typography_font_size_tablet":{"unit":"rem","size":1,"sizes":[]},"archive_cards_excerpt_typography_font_size_mobile":{"unit":"rem","size":0.75,"sizes":[]},"archive_cards_excerpt_typography_font_weight":"400","archive_cards_excerpt_spacing":{"unit":"px","size":30,"sizes":[]},"pagination_page_limit":"3","pagination_numbers_shorten":"yes","pagination_prev_label":"&laquo; Previous","pagination_next_label":"Next &raquo;","pagination_align":"left","text":"Load More","load_more_no_posts_custom_message":"No more posts to show","nothing_found_message":"It seems we can&#039;t find what you&#039;re looking for.","__globals__":{"archive_cards_title_color":"globals\/colors?id=primary","archive_cards_card_bg_color":"globals\/colors?id=ca42620","archive_cards_card_border_color":"globals\/colors?id=0abfcda","archive_cards_meta_border_color":"globals\/colors?id=de5d5bd","archive_cards_title_typography_typography":"globals\/typography?id=4381534","archive_cards_meta_typography_typography":"globals\/typography?id=05ae05a","archive_cards_meta_color":"globals\/colors?id=text","archive_cards_meta_separator_color":"globals\/colors?id=0abfcda","archive_cards_excerpt_typography_typography":"globals\/typography?id=text","archive_cards_excerpt_color":"globals\/colors?id=text","pagination_color":"","nothing_found_typography_typography":"globals\/typography?id=text","nothing_found_color":"globals\/colors?id=text"},"archive_cards_card_border_radius":{"unit":"px","size":1,"sizes":[]}},"elements":[],"isInner":false,"widgetType":"archive-posts","elType":"widget"}],"isInner":false,"elType":"column"}],"isInner":false,"elType":"section"},{"id":"57a2078a","settings":{"padding":{"unit":"em","top":"1","right":"1","bottom":"6","left":"1","isLinked":false},"padding_tablet":{"unit":"em","top":"","right":"","bottom":"","left":"","isLinked":true},"padding_mobile":{"unit":"em","top":"","right":"","bottom":"","left":"","isLinked":true},"_title":"Subscribe Section"},"elements":[{"id":"4bdba29f","settings":{"_column_size":100,"_inline_size":null,"space_between_widgets":5,"background_background":"classic","background_overlay_background":"classic","background_overlay_image":{"url":"http:\/\/tykit.rometheme.pro\/credice\/wp-content\/uploads\/sites\/66\/2022\/05\/bgs2.5.png","id":112,"alt":"","source":"library"},"background_overlay_position":"center center","background_overlay_repeat":"no-repeat","background_overlay_opacity":{"unit":"px","size":0.2,"sizes":[]},"margin":{"unit":"%","top":"1","right":"1","bottom":"1","left":"1","isLinked":true},"margin_tablet":{"unit":"%","top":"","right":"","bottom":"","left":"","isLinked":true},"margin_mobile":{"unit":"%","top":"","right":"","bottom":"","left":"","isLinked":true},"padding":{"unit":"em","top":"3","right":"3","bottom":"3","left":"3","isLinked":true},"padding_tablet":{"unit":"em","top":"3","right":"1","bottom":"3","left":"1","isLinked":false},"padding_mobile":{"unit":"em","top":"","right":"","bottom":"","left":"","isLinked":true},"__globals__":{"background_color":"globals\/colors?id=primary"}},"elements":[{"id":"353e2167","settings":{"title":"Subscribe For our newsletter","align":"center","__globals__":{"title_color":"globals\/colors?id=ca42620","typography_typography":"globals\/typography?id=9b2799d"}},"elements":[],"isInner":false,"widgetType":"heading","elType":"widget"},{"id":"531f0c06","settings":{"align":"center","__globals__":{"text_color":"globals\/colors?id=ca42620","typography_typography":"globals\/typography?id=text"}},"elements":[],"isInner":false,"widgetType":"text-editor","elType":"widget"},{"id":"d311ed1","settings":{"form_name":"Subscribe Form","form_fields":[{"custom_id":"email","field_type":"email","required":"true","placeholder":"Email","width":"66","_id":"c448832"}],"input_size":"lg","button_width":"33","step_next_label":"Next","step_previous_label":"Previous","button_text":"Subscribe Now","email_content":"[all-fields]","email_content_2":"[all-fields]","success_message":"The form was sent successfully.","error_message":"An error occurred.","required_field_message":"This field is required.","invalid_message":"There&#039;s something wrong. The form is invalid.","field_border_width":{"unit":"px","top":"1","right":"1","bottom":"1","left":"1","isLinked":true},"field_border_radius":{"unit":"px","top":"22","right":"22","bottom":"22","left":"22","isLinked":true},"button_hover_animation":"shrink","_margin":{"unit":"%","top":"0","right":"15","bottom":"0","left":"15","isLinked":false},"_margin_tablet":{"unit":"%","top":"0","right":"0","bottom":"0","left":"0","isLinked":false},"_margin_mobile":{"unit":"%","top":"","right":"","bottom":"","left":"","isLinked":true},"__globals__":{"button_background_color":"globals\/colors?id=secondary","button_text_color":"globals\/colors?id=ca42620","button_background_hover_color":"globals\/colors?id=secondary","button_hover_color":"globals\/colors?id=ca42620","previous_button_text_color_hover":"globals\/colors?id=ca42620","field_background_color":"globals\/colors?id=ca42620","field_border_color":"globals\/colors?id=0abfcda"}},"elements":[],"isInner":false,"widgetType":"form","elType":"widget"}],"isInner":false,"elType":"column"}],"isInner":false,"elType":"section"}],"settings":{"page_template":"elementor_header_footer"},"metadata":[]}