{"content":[{"id":"48389f09","settings":{"height":"min-height","custom_height":{"unit":"vh","size":35,"sizes":[]},"custom_height_tablet":{"unit":"vh","size":"","sizes":[]},"custom_height_mobile":{"unit":"vh","size":"","sizes":[]},"background_background":"classic","background_image":{"url":"","id":"","alt":"","source":"library"},"background_position":"top center","background_bg_width":{"unit":"vw","size":34,"sizes":[]},"background_bg_width_tablet":{"unit":"vw","size":"","sizes":[]},"background_bg_width_mobile":{"unit":"vw","size":"","sizes":[]},"background_overlay_background":"classic","background_overlay_image":{"url":"http:\/\/tykit.rometheme.pro\/credice\/wp-content\/uploads\/sites\/66\/2022\/06\/bg2.jpg","id":250,"alt":"","source":"library"},"background_overlay_position":"center center","background_overlay_size":"cover","background_overlay_bg_width":{"unit":"vw","size":35,"sizes":[]},"background_overlay_bg_width_tablet":{"unit":"vw","size":"","sizes":[]},"background_overlay_bg_width_mobile":{"unit":"vw","size":"","sizes":[]},"background_overlay_opacity":{"unit":"px","size":0.2,"sizes":[]},"css_filters_css_filter":"custom","css_filters_saturate":{"unit":"px","size":0,"sizes":[]},"__globals__":{"background_color":"globals\/colors?id=secondary"},"_title":"Header Heading Section"},"elements":[{"id":"75a26da3","settings":{"_column_size":100,"_inline_size":null,"space_between_widgets":10},"elements":[{"id":"6e3f215c","settings":{"__dynamic__":{"title":"[elementor-tag id=\"\" name=\"post-title\" settings=\"%7B%22before%22%3A%22%22%2C%22after%22%3A%22%22%2C%22fallback%22%3A%22%22%7D\"]"},"title":"Add Your Heading Text Here","align":"center","__globals__":{"title_color":"globals\/colors?id=ca42620","typography_typography":"globals\/typography?id=89aa5e9"}},"elements":[],"isInner":false,"widgetType":"theme-post-title","elType":"widget"},{"id":"1a4a7303","settings":{"editor":"<p><a href=\"#\">Home<\/a> \/ Single Post<\/p>","align":"center","__globals__":{"typography_typography":"globals\/typography?id=4381534","text_color":"globals\/colors?id=ca42620"}},"elements":[],"isInner":false,"widgetType":"text-editor","elType":"widget"}],"isInner":false,"elType":"column"}],"isInner":false,"elType":"section"},{"id":"4863a0c1","settings":{"overflow":"hidden","structure":"20","background_background":"classic","background_image":{"url":"http:\/\/tykit.rometheme.pro\/credice\/wp-content\/uploads\/sites\/66\/2022\/05\/bgs2.1.png","id":47,"alt":"","source":"library"},"background_position":"center left","background_repeat":"no-repeat","background_size":"initial","background_bg_width":{"unit":"vw","size":15,"sizes":[]},"background_bg_width_tablet":{"unit":"px","size":200,"sizes":[]},"background_bg_width_mobile":{"unit":"px","size":125,"sizes":[]},"background_overlay_background":"classic","background_overlay_image":{"url":"http:\/\/tykit.rometheme.pro\/credice\/wp-content\/uploads\/sites\/66\/2022\/05\/bgs2.2.png","id":48,"alt":"","source":"library"},"background_overlay_position":"bottom right","background_overlay_repeat":"no-repeat","background_overlay_size":"initial","background_overlay_bg_width":{"unit":"vw","size":15,"sizes":[]},"background_overlay_bg_width_tablet":{"unit":"px","size":150,"sizes":[]},"background_overlay_bg_width_mobile":{"unit":"px","size":95,"sizes":[]},"background_overlay_opacity":{"unit":"px","size":0.15,"sizes":[]},"padding":{"unit":"em","top":"6","right":"1","bottom":"2","left":"1","isLinked":false},"padding_tablet":{"unit":"em","top":"","right":"","bottom":"","left":"","isLinked":true},"padding_mobile":{"unit":"em","top":"","right":"","bottom":"","left":"","isLinked":true},"_title":"Single Post Section"},"elements":[{"id":"2ab8570a","settings":{"_column_size":50,"_inline_size":70,"_inline_size_tablet":100,"padding":{"unit":"em","top":"1","right":"1","bottom":"1","left":"1","isLinked":true},"padding_tablet":{"unit":"em","top":"","right":"","bottom":"","left":"","isLinked":true},"padding_mobile":{"unit":"em","top":"","right":"","bottom":"","left":"","isLinked":true}},"elements":[{"id":"34ee5190","settings":{"align":"left","__globals__":{"typography_typography":"globals\/typography?id=text"}},"elements":[],"isInner":false,"widgetType":"theme-post-content","elType":"widget"},{"id":"5906fac7","settings":{"icon_list":[{"type":"author","selected_icon":{"value":"far fa-user-circle","library":"fa-regular"},"_id":"703c6f6","custom_date_format":"F j, Y","custom_time_format":"g:i a"},{"selected_icon":{"value":"fas fa-calendar","library":"fa-solid"},"_id":"0f7ead1","custom_date_format":"F j, Y","custom_time_format":"g:i a"},{"type":"time","selected_icon":{"value":"far fa-clock","library":"fa-regular"},"_id":"c461577","custom_date_format":"F j, Y","custom_time_format":"g:i a"},{"type":"comments","selected_icon":{"value":"far fa-comment-dots","library":"fa-regular"},"_id":"86ecda9","custom_date_format":"F j, Y","custom_time_format":"g:i a"}],"__globals__":{"icon_typography_typography":"globals\/typography?id=text","text_color":"globals\/colors?id=text","icon_color":"globals\/colors?id=primary"}},"elements":[],"isInner":false,"widgetType":"post-info","elType":"widget"},{"id":"342d8766","settings":{"_skin":"theme_comments"},"elements":[],"isInner":false,"widgetType":"post-comments","elType":"widget"}],"isInner":false,"elType":"column"},{"id":"4bdd1ce","settings":{"_column_size":50,"_inline_size":30,"_inline_size_tablet":60,"padding":{"unit":"em","top":"1","right":"1","bottom":"1","left":"1","isLinked":true},"padding_tablet":{"unit":"em","top":"","right":"","bottom":"","left":"","isLinked":true},"padding_mobile":{"unit":"em","top":"","right":"","bottom":"","left":"","isLinked":true}},"elements":[{"id":"3e98e68d","settings":[],"elements":[{"id":"70baa885","settings":{"_column_size":100,"_inline_size":null,"background_background":"classic","background_overlay_background":"classic","background_overlay_image":{"url":"http:\/\/tykit.rometheme.pro\/credice\/wp-content\/uploads\/sites\/66\/2022\/05\/happy-father-s-day-2022-05-26-22-31-28-utc.jpg","id":22,"alt":"","source":"library"},"background_overlay_position":"center center","background_overlay_size":"cover","background_overlay_opacity":{"unit":"px","size":0.2,"sizes":[]},"css_filters_css_filter":"custom","css_filters_saturate":{"unit":"px","size":0,"sizes":[]},"padding":{"unit":"em","top":"3","right":"3","bottom":"3","left":"3","isLinked":true},"padding_tablet":{"unit":"em","top":"","right":"","bottom":"","left":"","isLinked":true},"padding_mobile":{"unit":"em","top":"","right":"","bottom":"","left":"","isLinked":true},"__globals__":{"background_color":"globals\/colors?id=secondary"}},"elements":[{"id":"2b89f790","settings":{"title":"need any help ?","header_size":"h3","align":"left","__globals__":{"title_color":"globals\/colors?id=ca42620","typography_typography":"globals\/typography?id=d478caa"}},"elements":[],"isInner":false,"widgetType":"heading","elType":"widget"},{"id":"65b80f59","settings":{"editor":"<p>Phasellus nec lorem sollicitudin, blandit augue ac, vestibulum metus. Sed malesuada, enim sed porttitor dignissim, urna neque euismod tortor, id convallis nulla massa eu ipsum.\u00a0<\/p>","__globals__":{"text_color":"globals\/colors?id=ca42620","typography_typography":"globals\/typography?id=text"}},"elements":[],"isInner":false,"widgetType":"text-editor","elType":"widget"},{"id":"744edbeb","settings":{"text":"let's talk","selected_icon":{"value":"fas fa-phone-alt","library":"fa-solid"},"icon_indent":{"unit":"px","size":10,"sizes":[]},"__globals__":{"hover_color":"globals\/colors?id=ca42620","button_background_hover_color":"globals\/colors?id=8fe369a"},"_padding_tablet":{"unit":"em","top":"0","right":"0","bottom":"0","left":"0","isLinked":false},"_padding_mobile":{"unit":"em","top":"0","right":"0","bottom":"0","left":"0","isLinked":true}},"elements":[],"isInner":false,"widgetType":"button","elType":"widget"}],"isInner":true,"elType":"column"}],"isInner":true,"elType":"section"},{"id":"3dc99d23","settings":{"margin":{"unit":"%","top":"8","right":0,"bottom":"0","left":0,"isLinked":false},"margin_tablet":{"unit":"%","top":"","right":"","bottom":"","left":"","isLinked":true},"margin_mobile":{"unit":"%","top":"","right":"","bottom":"","left":"","isLinked":true}},"elements":[{"id":"8b4004e","settings":{"_column_size":100,"_inline_size":null,"border_border":"solid","border_width":{"unit":"px","top":"1","right":"1","bottom":"1","left":"1","isLinked":true},"border_radius":{"unit":"px","top":"1","right":"1","bottom":"1","left":"1","isLinked":true},"padding":{"unit":"em","top":"2","right":"2","bottom":"2","left":"2","isLinked":true},"padding_tablet":{"unit":"em","top":"","right":"","bottom":"","left":"","isLinked":true},"padding_mobile":{"unit":"em","top":"","right":"","bottom":"","left":"","isLinked":true},"__globals__":{"border_color":"globals\/colors?id=0abfcda"}},"elements":[{"id":"8281b1","settings":{"title":"donwload and open","header_size":"h5","__globals__":{"typography_typography":"globals\/typography?id=4381534"}},"elements":[],"isInner":false,"widgetType":"heading","elType":"widget"},{"id":"341499b9","settings":{"icon_list":[{"text":"Company Policy","_id":"454b7dc","selected_icon":{"value":"fas fa-file-pdf","library":"fa-solid"}},{"text":"Claim Policty","selected_icon":{"value":"fas fa-file-pdf","library":"fa-solid"},"_id":"d1464f7"},{"text":"Brochure","selected_icon":{"value":"fas fa-file-pdf","library":"fa-solid"},"_id":"94c96b9"}],"space_between":{"unit":"px","size":5,"sizes":[]},"icon_size":{"unit":"px","size":15,"sizes":[]},"text_indent":{"unit":"px","size":10,"sizes":[]},"__globals__":{"icon_typography_typography":"globals\/typography?id=05ac879","icon_color":"globals\/colors?id=primary","icon_color_hover":"globals\/colors?id=secondary","text_color":"globals\/colors?id=text"},"_padding_tablet":{"unit":"em","top":"0","right":"0","bottom":"0","left":"0","isLinked":true},"_padding_mobile":{"unit":"em","top":"0","right":"0","bottom":"0","left":"0","isLinked":true}},"elements":[],"isInner":false,"widgetType":"icon-list","elType":"widget"}],"isInner":true,"elType":"column"}],"isInner":true,"elType":"section"},{"id":"58d496b7","settings":{"margin":{"unit":"%","top":"8","right":0,"bottom":"0","left":0,"isLinked":false},"margin_tablet":{"unit":"%","top":"","right":"","bottom":"","left":"","isLinked":true},"margin_mobile":{"unit":"%","top":"","right":"","bottom":"","left":"","isLinked":true}},"elements":[{"id":"4565bd6e","settings":{"_column_size":100,"_inline_size":null,"border_border":"solid","border_width":{"unit":"px","top":"1","right":"1","bottom":"1","left":"1","isLinked":true},"border_radius":{"unit":"px","top":"1","right":"1","bottom":"1","left":"1","isLinked":true},"padding":{"unit":"em","top":"2","right":"2","bottom":"2","left":"2","isLinked":true},"padding_tablet":{"unit":"em","top":"","right":"","bottom":"","left":"","isLinked":true},"padding_mobile":{"unit":"em","top":"","right":"","bottom":"","left":"","isLinked":true},"__globals__":{"border_color":"globals\/colors?id=0abfcda"}},"elements":[{"id":"13fbd999","settings":{"title":"Service hour","header_size":"h5","__globals__":{"typography_typography":"globals\/typography?id=4381534"}},"elements":[],"isInner":false,"widgetType":"heading","elType":"widget"},{"id":"442da6dd","settings":{"icon_list":[{"text":"Monday : 9am - 5 pm","_id":"454b7dc","selected_icon":{"value":"","library":""}},{"text":"Tuesday : 9am - 5 pm","selected_icon":{"value":"","library":""},"_id":"4658d01"},{"text":"Wednesday : 9am - 5 pm","selected_icon":{"value":"","library":""},"_id":"552107e"},{"text":"Thursday : 9am - 5 pm","selected_icon":{"value":"","library":""},"_id":"fc9e49d"},{"text":"Friday : 9am - 5 pm","selected_icon":{"value":"","library":""},"_id":"29950f0"},{"text":"Saturday : 9am - 5 pm","selected_icon":{"value":"","library":""},"_id":"2cfe9bf"},{"text":"Sunday : 9am - 5 pm","selected_icon":{"value":"","library":""},"_id":"08e1741"}],"space_between":{"unit":"px","size":20,"sizes":[]},"icon_size":{"unit":"px","size":"","sizes":[]},"text_indent":{"unit":"px","size":0,"sizes":[]},"__globals__":{"icon_typography_typography":"globals\/typography?id=text","icon_color":"globals\/colors?id=primary","text_color":"globals\/colors?id=text","divider_color":"globals\/colors?id=0abfcda"},"_padding_tablet":{"unit":"em","top":"0","right":"0","bottom":"0","left":"0","isLinked":true},"_padding_mobile":{"unit":"em","top":"0","right":"0","bottom":"0","left":"0","isLinked":true},"divider":"yes","divider_width":{"unit":"%","size":99,"sizes":[]}},"elements":[],"isInner":false,"widgetType":"icon-list","elType":"widget"}],"isInner":true,"elType":"column"}],"isInner":true,"elType":"section"}],"isInner":false,"elType":"column"}],"isInner":false,"elType":"section"},{"id":"574a4b5a","settings":{"padding":{"unit":"em","top":"1","right":"1","bottom":"6","left":"1","isLinked":false},"padding_tablet":{"unit":"em","top":"","right":"","bottom":"","left":"","isLinked":true},"padding_mobile":{"unit":"em","top":"","right":"","bottom":"","left":"","isLinked":true},"_title":"Next Page Section"},"elements":[{"id":"3770453d","settings":{"_column_size":100,"_inline_size":null,"padding":{"unit":"em","top":"","right":"","bottom":"","left":"","isLinked":true},"padding_tablet":{"unit":"em","top":"","right":"","bottom":"","left":"","isLinked":true},"padding_mobile":{"unit":"em","top":"","right":"","bottom":"","left":"","isLinked":true}},"elements":[{"id":"36d2742f","settings":{"prev_label":"Previous","next_label":"Next","arrow_size":{"unit":"px","size":25,"sizes":[]},"arrow_padding":{"unit":"px","size":20,"sizes":[]},"borders_width":{"unit":"px","size":1,"sizes":[]},"borders_spacing":{"unit":"px","size":15,"sizes":[]},"__globals__":{"label_typography_typography":"globals\/typography?id=05ac879","label_color":"globals\/colors?id=text","title_typography_typography":"globals\/typography?id=ce6e115","text_color":"globals\/colors?id=secondary","arrow_color":"globals\/colors?id=primary","sep_color":"globals\/colors?id=0abfcda"}},"elements":[],"isInner":false,"widgetType":"post-navigation","elType":"widget"}],"isInner":false,"elType":"column"}],"isInner":false,"elType":"section"}],"settings":{"page_template":"elementor_header_footer","preview_type":"single\/post","preview_id":"134"},"metadata":[]}