{"content":[{"id":"5856347e","settings":{"height":"min-height","custom_height":{"unit":"vh","size":90,"sizes":[]},"custom_height_tablet":{"unit":"vh","size":"","sizes":[]},"custom_height_mobile":{"unit":"vh","size":"","sizes":[]},"background_background":"classic","background_image":{"url":"http:\/\/tykit.rometheme.pro\/credice\/wp-content\/uploads\/sites\/66\/2022\/05\/bgs2.1.png","id":47,"alt":"","source":"library"},"background_position":"center left","background_repeat":"no-repeat","background_size":"initial","background_bg_width":{"unit":"vw","size":15,"sizes":[]},"background_bg_width_tablet":{"unit":"vw","size":25,"sizes":[]},"background_bg_width_mobile":{"unit":"vw","size":"","sizes":[]},"background_overlay_background":"classic","background_overlay_image":{"url":"http:\/\/tykit.rometheme.pro\/credice\/wp-content\/uploads\/sites\/66\/2022\/05\/bgs2.2.png","id":48,"alt":"","source":"library"},"background_overlay_position":"bottom right","background_overlay_repeat":"no-repeat","background_overlay_size":"initial","background_overlay_bg_width":{"unit":"vw","size":15,"sizes":[]},"background_overlay_bg_width_tablet":{"unit":"vw","size":25,"sizes":[]},"background_overlay_bg_width_mobile":{"unit":"vw","size":"","sizes":[]},"background_overlay_opacity":{"unit":"px","size":0.15,"sizes":[]},"_title":"404 Section"},"elements":[{"id":"50b35677","settings":{"_column_size":100,"_inline_size":null,"padding":{"unit":"em","top":"1","right":"1","bottom":"1","left":"1","isLinked":true},"padding_tablet":{"unit":"em","top":"","right":"","bottom":"","left":"","isLinked":true},"padding_mobile":{"unit":"em","top":"","right":"","bottom":"","left":"","isLinked":true}},"elements":[{"id":"76e97a31","settings":{"title":"404","header_size":"h1","align":"center","_background_background":"classic","__globals__":{"typography_typography":"globals\/typography?id=26ba0b0","_background_color":"globals\/colors?id=secondary","title_color":"globals\/colors?id=ca42620"},"_margin":{"unit":"%","top":"0","right":"27","bottom":"0","left":"27","isLinked":false},"_margin_tablet":{"unit":"%","top":"0","right":"15","bottom":"0","left":"15","isLinked":false},"_margin_mobile":{"unit":"%","top":"0","right":"0","bottom":"0","left":"0","isLinked":false},"_background_image":{"url":"http:\/\/tykit.rometheme.pro\/credice\/wp-content\/uploads\/sites\/66\/2022\/05\/bgs2.5.png","id":112,"alt":"","source":"library"},"_background_size":"auto","_background_bg_width":{"unit":"%","size":57,"sizes":[]}},"elements":[],"isInner":false,"widgetType":"heading","elType":"widget"},{"id":"6075078a","settings":{"title":"Ooops,Page That You Looking For Are Missing","header_size":"h3","align":"center","__globals__":{"typography_typography":"globals\/typography?id=d478caa","title_color":"globals\/colors?id=primary"},"_margin":{"unit":"%","top":"0","right":"0","bottom":"0","left":"0","isLinked":false},"_margin_tablet":{"unit":"%","top":"","right":"","bottom":"","left":"","isLinked":true},"_margin_mobile":{"unit":"%","top":"","right":"","bottom":"","left":"","isLinked":true}},"elements":[],"isInner":false,"widgetType":"heading","elType":"widget"},{"id":"6f27a5f","settings":{"title":"The Page You Are Looking For Can\u2019t Be Found. Go Home By","header_size":"h6","align":"center","__globals__":{"title_color":"globals\/colors?id=text","typography_typography":"globals\/typography?id=ce6e115"}},"elements":[],"isInner":false,"widgetType":"heading","elType":"widget"},{"id":"4fba2f62","settings":{"text":"back to home","align":"center","_margin":{"unit":"%","top":"0","right":"0","bottom":"0","left":"0","isLinked":false},"_margin_tablet":{"unit":"%","top":"","right":"","bottom":"","left":"","isLinked":true},"_margin_mobile":{"unit":"%","top":"","right":"","bottom":"","left":"","isLinked":true},"__globals__":{"button_text_color":"globals\/colors?id=ca42620","background_color":"globals\/colors?id=secondary","hover_color":"globals\/colors?id=ca42620","button_background_hover_color":"globals\/colors?id=primary"}},"elements":[],"isInner":false,"widgetType":"button","elType":"widget"}],"isInner":false,"elType":"column"}],"isInner":false,"elType":"section"}],"settings":{"page_template":"elementor_header_footer","preview_type":"page\/404","preview_id":""},"metadata":[]}