{"content":[],"settings":{"template":"default","system_colors":[{"_id":"primary","title":"Primary","color":"#002D5F"},{"_id":"secondary","title":"Secondary","color":"#1F74D3"},{"_id":"text","title":"Text","color":"#7A7A7A"},{"_id":"accent","title":"Accent","color":"#002D5F"}],"custom_colors":[{"title":"Color 1","_id":"ca42620","color":"#FFFFFF"},{"title":"Color 2","_id":"8fe369a","color":"#1E1E1E"},{"_id":"de5d5bd","title":"Color 3","color":"#EAEAEA"},{"_id":"4533bc1","title":"Transparancy","color":"#02010100"},{"_id":"d68cc79","title":"Color 4","color":"#3B97FF"},{"_id":"081f9b1","title":"Color 5","color":"#F5FAFF"},{"_id":"0abfcda","title":"Color 6","color":"#D5D5D5"}],"system_typography":[{"_id":"primary","title":"Primary","typography_typography":"custom","typography_font_family":"Open Sans","typography_font_weight":"800","typography_font_size":{"unit":"rem","size":3.875,"sizes":[]},"typography_text_transform":"capitalize","typography_line_height":{"unit":"em","size":1.2,"sizes":[]},"typography_font_size_tablet":{"unit":"rem","size":3.5,"sizes":[]},"typography_font_size_mobile":{"unit":"rem","size":2,"sizes":[]}},{"_id":"secondary","title":"Secondary","typography_typography":"custom","typography_font_family":"Roboto","typography_font_weight":"600","typography_font_size":{"unit":"rem","size":1.25,"sizes":[]},"typography_text_transform":"capitalize","typography_font_size_tablet":{"unit":"rem","size":1.063,"sizes":[]},"typography_font_size_mobile":{"unit":"rem","size":0.875,"sizes":[]}},{"_id":"text","title":"Text","typography_typography":"custom","typography_font_family":"Roboto","typography_font_weight":"400","typography_font_size":{"unit":"rem","size":1,"sizes":[]},"typography_font_size_tablet":{"unit":"rem","size":1,"sizes":[]},"typography_font_size_mobile":{"unit":"rem","size":0.75,"sizes":[]}},{"_id":"accent","title":"Accent","typography_typography":"custom","typography_font_family":"Open Sans","typography_font_weight":"700","typography_font_size":{"unit":"rem","size":1.125,"sizes":[]},"typography_text_transform":"capitalize","typography_font_size_tablet":{"unit":"rem","size":1.063,"sizes":[]},"typography_font_size_mobile":{"unit":"rem","size":0.875,"sizes":[]}}],"custom_typography":[{"title":"H1","_id":"89aa5e9","typography_typography":"custom","typography_font_family":"Open Sans","typography_font_size":{"unit":"rem","size":3.875,"sizes":[]},"typography_font_weight":"800","typography_text_transform":"capitalize","typography_line_height":{"unit":"em","size":1.2,"sizes":[]},"typography_font_size_tablet":{"unit":"rem","size":3.5,"sizes":[]},"typography_font_size_mobile":{"unit":"rem","size":2,"sizes":[]}},{"title":"H2","_id":"9b2799d","typography_typography":"custom","typography_font_family":"Open Sans","typography_font_size":{"unit":"rem","size":3,"sizes":[]},"typography_font_weight":"700","typography_text_transform":"capitalize","typography_line_height":{"unit":"em","size":1.1,"sizes":[]},"typography_font_size_tablet":{"unit":"rem","size":2.5,"sizes":[]},"typography_font_size_mobile":{"unit":"rem","size":1.5,"sizes":[]}},{"title":"H3","_id":"d478caa","typography_typography":"custom","typography_font_family":"Open Sans","typography_font_size":{"unit":"rem","size":2,"sizes":[]},"typography_font_weight":"700","typography_text_transform":"capitalize","typography_line_height":{"unit":"em","size":1.1,"sizes":[]},"typography_font_size_tablet":{"unit":"rem","size":1.5,"sizes":[]},"typography_font_size_mobile":{"unit":"rem","size":1.25,"sizes":[]}},{"title":"H4","_id":"53f0900","typography_typography":"custom","typography_font_family":"Open Sans","typography_font_size":{"unit":"rem","size":1.563,"sizes":[]},"typography_font_weight":"700","typography_text_transform":"capitalize","typography_line_height":{"unit":"em","size":1.1,"sizes":[]},"typography_font_size_tablet":{"unit":"rem","size":1.375,"sizes":[]},"typography_font_size_mobile":{"unit":"rem","size":1.125,"sizes":[]}},{"title":"H5","_id":"4381534","typography_typography":"custom","typography_font_family":"Open Sans","typography_font_size":{"unit":"rem","size":1.375,"sizes":[]},"typography_font_weight":"700","typography_text_transform":"capitalize","typography_line_height":{"unit":"em","size":1.1,"sizes":[]},"typography_font_size_tablet":{"unit":"rem","size":1.25,"sizes":[]},"typography_font_size_mobile":{"unit":"rem","size":1,"sizes":[]}},{"title":"H6","_id":"ce6e115","typography_typography":"custom","typography_font_family":"Open Sans","typography_font_size":{"unit":"rem","size":1.25,"sizes":[]},"typography_font_weight":"700","typography_text_transform":"capitalize","typography_line_height":{"unit":"em","size":1.1,"sizes":[]},"typography_font_size_tablet":{"unit":"rem","size":1.063,"sizes":[]},"typography_font_size_mobile":{"unit":"rem","size":0.875,"sizes":[]}},{"title":"Button","_id":"a592062","typography_typography":"custom","typography_font_family":"Open Sans","typography_font_size":{"unit":"rem","size":1.125,"sizes":[]},"typography_font_weight":"700","typography_text_transform":"capitalize","typography_line_height":{"unit":"em","size":"","sizes":[]},"typography_font_size_tablet":{"unit":"rem","size":1.063,"sizes":[]},"typography_font_size_mobile":{"unit":"rem","size":0.875,"sizes":[]}},{"typography_typography":"custom","typography_font_family":"Roboto","typography_font_size":{"unit":"rem","size":1,"sizes":[]},"typography_font_weight":"600","_id":"05ac879","title":"Bold Text","typography_font_size_tablet":{"unit":"rem","size":1,"sizes":[]},"typography_font_size_mobile":{"unit":"rem","size":0.75,"sizes":[]}},{"typography_typography":"custom","typography_font_family":"Open Sans","typography_font_size":{"unit":"rem","size":5.625,"sizes":[]},"typography_font_weight":"800","typography_text_transform":"capitalize","typography_line_height":{"unit":"em","size":1.2,"sizes":[]},"_id":"63bb670","title":"Pricing","typography_font_size_tablet":{"unit":"rem","size":5,"sizes":[]},"typography_font_size_mobile":{"unit":"rem","size":3.75,"sizes":[]}},{"typography_typography":"custom","typography_font_family":"Roboto","typography_font_size":{"unit":"rem","size":0.875,"sizes":[]},"typography_font_weight":"400","_id":"05ae05a","title":"Meta Text","typography_font_size_tablet":{"unit":"rem","size":0.875,"sizes":[]},"typography_font_size_mobile":{"unit":"rem","size":0.625,"sizes":[]}},{"typography_typography":"custom","typography_font_family":"Open Sans","typography_font_size":{"unit":"rem","size":1,"sizes":[]},"typography_font_size_tablet":{"unit":"rem","size":1,"sizes":[]},"typography_font_size_mobile":{"unit":"rem","size":0.8,"sizes":[]},"typography_font_weight":"700","typography_text_transform":"capitalize","typography_word_spacing":{"unit":"em","size":"","sizes":[]},"_id":"be29924","title":"Drop Down"},{"typography_typography":"custom","typography_font_family":"Roboto","typography_font_size":{"unit":"rem","size":1,"sizes":[]},"typography_font_size_tablet":{"unit":"rem","size":1,"sizes":[]},"typography_font_size_mobile":{"unit":"rem","size":0.75,"sizes":[]},"typography_font_weight":"400","typography_line_height":{"unit":"em","size":1.1,"sizes":[]},"_id":"70aec27","title":"Text 2"},{"typography_typography":"custom","typography_font_family":"Lato","typography_font_size":{"unit":"rem","size":18.75,"sizes":[]},"typography_font_size_tablet":{"unit":"rem","size":15.625,"sizes":[]},"typography_font_size_mobile":{"unit":"rem","size":9.375,"sizes":[]},"typography_font_weight":"800","typography_text_transform":"capitalize","typography_line_height":{"unit":"em","size":1.2,"sizes":[]},"_id":"26ba0b0","title":"404"}],"default_generic_fonts":"Sans-serif","body_background_background":"classic","container_width":{"unit":"px","size":1450,"sizes":[]},"page_title_selector":"h1.entry-title","hello_footer_copyright_text":"All rights reserved","__globals__":{"body_background_color":"globals\/colors?id=ca42620","h1_typography_typography":"globals\/typography?id=89aa5e9","h2_typography_typography":"globals\/typography?id=9b2799d","h3_typography_typography":"globals\/typography?id=d478caa","h4_typography_typography":"globals\/typography?id=53f0900","h5_typography_typography":"globals\/typography?id=4381534","h6_typography_typography":"globals\/typography?id=ce6e115","body_typography_typography":"globals\/typography?id=text","body_color":"globals\/colors?id=text","h1_color":"globals\/colors?id=primary","h2_color":"globals\/colors?id=primary","h3_color":"globals\/colors?id=primary","h4_color":"globals\/colors?id=primary","h5_color":"globals\/colors?id=primary","h6_color":"globals\/colors?id=secondary","button_typography_typography":"globals\/typography?id=a592062","button_text_color":"globals\/colors?id=ca42620","button_background_color":"globals\/colors?id=primary","button_hover_text_color":"globals\/colors?id=ca42620","button_hover_background_color":"globals\/colors?id=secondary","link_normal_color":"globals\/colors?id=ca42620","link_hover_color":"globals\/colors?id=primary","form_label_typography_typography":"globals\/typography?id=05ac879","form_label_color":"globals\/colors?id=primary","form_field_border_color":"globals\/colors?id=0abfcda","form_field_typography_typography":"globals\/typography?id=text","form_field_text_color":"globals\/colors?id=text","form_field_background_color":"globals\/colors?id=ca42620"},"viewport_md":768,"viewport_lg":1025,"activeItemIndex":1,"h1_typography_typography":"custom","h1_typography_font_family":"Open Sans","h1_typography_font_size":{"unit":"px","size":62,"sizes":[]},"h1_typography_font_weight":"800","h1_typography_text_transform":"capitalize","h1_typography_line_height":{"unit":"em","size":1.2,"sizes":[]},"h2_typography_typography":"custom","h2_typography_font_family":"Open Sans","h2_typography_font_size":{"unit":"px","size":48,"sizes":[]},"h2_typography_font_weight":"700","h2_typography_text_transform":"capitalize","h2_typography_line_height":{"unit":"em","size":1.1,"sizes":[]},"h3_typography_typography":"custom","h3_typography_font_family":"Open Sans","h3_typography_font_size":{"unit":"px","size":32,"sizes":[]},"h3_typography_font_weight":"700","h3_typography_text_transform":"capitalize","h3_typography_line_height":{"unit":"em","size":1.1,"sizes":[]},"h4_typography_typography":"custom","h4_typography_font_family":"Open Sans","h4_typography_font_size":{"unit":"px","size":25,"sizes":[]},"h4_typography_font_weight":"700","h4_typography_text_transform":"capitalize","h4_typography_line_height":{"unit":"em","size":1.1,"sizes":[]},"h5_typography_typography":"custom","h5_typography_font_family":"Open Sans","h5_typography_font_size":{"unit":"px","size":22,"sizes":[]},"h5_typography_font_weight":"700","h5_typography_text_transform":"capitalize","h5_typography_line_height":{"unit":"em","size":1.1,"sizes":[]},"body_background_color":"#FFFFFF","body_color":"#7A7A7A","body_typography_typography":"custom","body_typography_font_family":"Roboto","body_typography_font_size":{"unit":"px","size":16,"sizes":[]},"body_typography_font_weight":"400","h1_color":"#002D5F","h1_typography_word_spacing":{"unit":"em","size":"","sizes":[]},"h2_color":"#002D5F","h2_typography_word_spacing":{"unit":"em","size":"","sizes":[]},"h3_color":"#002D5F","h3_typography_word_spacing":{"unit":"em","size":"","sizes":[]},"h4_color":"#002D5F","h4_typography_word_spacing":{"unit":"em","size":"","sizes":[]},"h5_color":"#002D5F","h5_typography_word_spacing":{"unit":"em","size":"","sizes":[]},"h6_color":"#1F74D3","h6_typography_typography":"custom","h6_typography_font_family":"Open Sans","h6_typography_font_size":{"unit":"px","size":20,"sizes":[]},"h6_typography_font_weight":"700","h6_typography_text_transform":"capitalize","h6_typography_line_height":{"unit":"em","size":1.1,"sizes":[]},"h6_typography_word_spacing":{"unit":"em","size":"","sizes":[]},"button_text_color":"#FFFFFF","button_background_color":"#002D5F","button_border_radius":{"unit":"px","top":"25","right":"25","bottom":"25","left":"25","isLinked":true},"button_hover_text_color":"#FFFFFF","button_padding":{"unit":"px","top":"18","right":"40","bottom":"18","left":"40","isLinked":false},"form_field_border_border":"solid","form_field_border_width":{"unit":"px","top":"1","right":"1","bottom":"1","left":"1","isLinked":true},"form_field_border_radius":{"unit":"px","top":"10","right":"10","bottom":"10","left":"10","isLinked":true},"form_field_padding":{"unit":"px","top":"13","right":"40","bottom":"13","left":"20","isLinked":false}},"metadata":[]}